,horas_estudio_semanal,nota_anterior,tasa_asistencia,horas_sueno,edad,nivel_dificultad,aprobado,tiene_tutor_No,tiene_tutor_Sí,horario_estudio_preferido_Desconocido,horario_estudio_preferido_Mañana,horario_estudio_preferido_Noche,horario_estudio_preferido_Tarde,estilo_aprendizaje_Auditivo,estilo_aprendizaje_Desconocido,estilo_aprendizaje_Kinestésico,estilo_aprendizaje_Lectura/Escritura,estilo_aprendizaje_Visual
0,8.957475998038344,48.83060095398218,86.64018172631499,6.675694179152657,25,0.0,1,0.0,1.0,0.0,0.0,0.0,1.0,0.0,0.0,0.0,1.0,0.0
1,11.042524001961656,80.82570664326124,83.44965544904211,4.616843562140823,18,2.0,1,1.0,0.0,0.0,0.0,0.0,1.0,0.0,1.0,0.0,0.0,0.0
2,4.510776081457513,90.38369427718838,74.62360717097394,7.755246085587813,25,0.0,1,1.0,0.0,0.0,1.0,0.0,0.0,0.0,0.0,0.0,1.0,0.0
3,6.64721279688571,81.87825713706148,82.84984071809973,8.592826202315608,23,0.0,1,1.0,0.0,1.0,0.0,0.0,0.0,0.0,0.0,0.0,0.0,1.0
4,1.0,66.25417890677699,54.53993487859529,6.671840397082623,21,1.0,1,1.0,0.0,1.0,0.0,0.0,0.0,1.0,0.0,0.0,0.0,0.0
5,6.407690018732439,73.08911810349704,79.78760325343505,8.50931577496801,29,2.0,1,1.0,0.0,0.0,1.0,0.0,0.0,0.0,0.0,0.0,0.0,1.0
6,13.415889034525687,91.0679966076932,71.79979177431109,4.589867396546137,25,0.0,1,0.0,1.0,0.0,1.0,0.0,0.0,0.0,0.0,0.0,0.0,1.0
7,16.237527399210038,96.97993865525088,51.41196498065036,7.02070110592484,20,0.0,1,0.0,1.0,0.0,0.0,1.0,0.0,0.0,0.0,0.0,0.0,1.0
8,4.32357895407524,62.10374698643311,60.824962869609415,6.463756401920014,21,1.0,1,1.0,0.0,0.0,1.0,0.0,0.0,0.0,0.0,0.0,0.0,1.0
9,7.928665682328723,71.82992642454397,100.0,7.516230488420608,23,1.0,1,0.0,1.0,0.0,0.0,1.0,0.0,0.0,0.0,0.0,0.0,1.0
10,12.588951372611838,61.580093589430106,64.70153366482619,7.02070110592484,28,1.0,1,0.0,1.0,1.0,0.0,0.0,0.0,0.0,0.0,0.0,0.0,1.0
11,8.608491562171023,56.45049066566707,64.00767417860592,7.87747581402838,24,2.0,0,0.0,1.0,0.0,0.0,1.0,0.0,0.0,0.0,0.0,0.0,1.0
12,13.105494640170493,87.69102626451223,57.89426396705807,7.02070110592484,21,2.0,1,1.0,0.0,0.0,0.0,0.0,1.0,0.0,0.0,0.0,1.0,0.0
13,2.2286519665770967,49.89699301098871,76.93505059100768,7.02070110592484,21,1.0,0,1.0,0.0,0.0,0.0,0.0,1.0,0.0,0.0,0.0,0.0,1.0
14,7.846363503522712,47.17712413911181,69.22500197685939,4.753005101791993,24,1.0,1,1.0,0.0,0.0,0.0,0.0,1.0,0.0,0.0,1.0,0.0,0.0
15,3.9231397635011223,55.33770160086903,58.816636512808834,6.582547468651307,23,1.0,1,1.0,0.0,0.0,0.0,0.0,1.0,0.0,0.0,0.0,0.0,1.0
16,6.040580954312839,77.85305520013475,97.70568418369903,6.144758640434626,28,0.0,1,1.0,0.0,0.0,0.0,0.0,1.0,0.0,0.0,0.0,1.0,0.0
17,12.153636496477286,83.26888963571251,80.77499802314061,5.781018881275454,25,2.0,1,0.0,1.0,0.0,1.0,0.0,0.0,0.0,0.0,0.0,1.0,0.0
18,10.458559597426383,72.09565448322793,57.382237608261406,5.842825486705543,18,1.0,1,1.0,0.0,0.0,0.0,1.0,0.0,0.0,0.0,1.0,0.0,0.0
19,14.688988840151552,86.26292736338812,93.67819882522107,6.986826859258609,27,0.0,1,1.0,0.0,0.0,0.0,0.0,1.0,0.0,0.0,1.0,0.0,0.0
20,13.92518024938446,93.56929746365364,81.56446836030806,8.213752261539337,28,1.0,1,0.0,1.0,0.0,0.0,0.0,1.0,0.0,0.0,0.0,0.0,1.0
21,9.792936993096784,65.23525609733359,68.11692682105856,4.157111057820685,24,0.0,1,1.0,0.0,1.0,0.0,0.0,0.0,0.0,0.0,0.0,1.0,0.0
22,20.84847032087705,68.01830464657932,100.0,7.564424115676936,29,1.0,1,0.0,1.0,0.0,0.0,0.0,1.0,0.0,0.0,0.0,1.0,0.0
23,14.115858054692945,55.51869539631874,58.18187298707373,7.190578650131688,24,1.0,1,0.0,1.0,0.0,0.0,1.0,0.0,0.0,0.0,0.0,1.0,0.0
24,2.270363409416968,75.7656214866156,86.0507374069795,7.504266811351287,28,1.0,0,1.0,0.0,0.0,0.0,0.0,1.0,0.0,0.0,1.0,0.0,0.0
25,1.0066871149163674,40.34585161412001,45.494612771062805,7.742456437699655,24,2.0,0,1.0,0.0,0.0,0.0,1.0,0.0,0.0,1.0,0.0,0.0,0.0
26,17.022665535897733,80.87459808416972,75.0250913807025,7.721259131000218,24,0.0,1,0.0,1.0,0.0,1.0,0.0,0.0,0.0,0.0,0.0,1.0,0.0
27,3.0108173551444795,40.07543543758307,57.00932278815627,7.556352626933646,27,1.0,1,1.0,0.0,0.0,0.0,1.0,0.0,0.0,0.0,0.0,0.0,1.0
28,13.70693801920567,66.79545821753256,44.40883627715726,5.587450267391961,27,1.0,1,0.0,1.0,1.0,0.0,0.0,0.0,1.0,0.0,0.0,0.0,0.0
29,9.679866387310677,53.87190237717341,52.198461494092,8.85497836227986,25,1.0,1,0.0,1.0,0.0,1.0,0.0,0.0,0.0,0.0,0.0,0.0,1.0
30,11.54871265769265,65.70797596367623,60.7603778951055,6.503691142410371,26,1.0,1,0.0,1.0,0.0,1.0,0.0,0.0,0.0,0.0,0.0,1.0,0.0
31,12.546010219321005,94.23918186771768,80.20178850345093,4.48872133613403,26,1.0,1,0.0,1.0,0.0,0.0,0.0,1.0,0.0,0.0,0.0,0.0,1.0
32,12.603307472862577,93.06536874808076,100.0,5.922307005619732,19,1.0,1,0.0,1.0,0.0,0.0,1.0,0.0,0.0,0.0,0.0,0.0,1.0
33,3.7350618729990384,68.88869088307922,97.51552401460032,5.245899003223461,24,0.0,1,1.0,0.0,0.0,0.0,0.0,1.0,1.0,0.0,0.0,0.0,0.0
34,13.85724837764819,76.50222949167683,87.30049006410138,8.496879488460701,24,2.0,1,0.0,1.0,0.0,0.0,0.0,1.0,0.0,0.0,1.0,0.0,0.0
35,8.660581162079753,69.60476512912287,90.90643287909356,6.179949411406033,21,1.0,1,1.0,0.0,0.0,1.0,0.0,0.0,1.0,0.0,0.0,0.0,0.0
36,9.187238020236876,55.45859938940737,55.2877916626546,7.02070110592484,26,1.0,1,1.0,0.0,1.0,0.0,0.0,0.0,0.0,0.0,0.0,0.0,1.0
37,3.3902707957164964,68.132149508754,59.16232381725136,7.02070110592484,25,0.0,1,1.0,0.0,0.0,0.0,0.0,1.0,0.0,0.0,0.0,0.0,1.0
38,10.257300100483146,88.63090858695253,75.17564187655188,5.941705027243913,29,0.0,1,0.0,1.0,0.0,0.0,1.0,0.0,0.0,0.0,1.0,0.0,0.0
39,5.44563565482325,62.27615024861964,74.07128550458945,8.04866213167484,18,1.0,1,1.0,0.0,0.0,0.0,0.0,1.0,0.0,0.0,0.0,1.0,0.0
40,6.391431118912917,54.13772478425731,90.09328538946208,5.759953405242553,19,2.0,1,1.0,0.0,0.0,0.0,1.0,0.0,0.0,0.0,1.0,0.0,0.0
41,20.72005333888877,83.83495327625285,98.58803501934965,6.337351236834754,19,1.0,1,0.0,1.0,0.0,0.0,0.0,1.0,1.0,0.0,0.0,0.0,0.0
42,7.595802896665938,58.92866728893208,82.68749531548747,4.980421533332697,29,2.0,1,0.0,1.0,1.0,0.0,0.0,0.0,0.0,0.0,0.0,1.0,0.0
43,6.193236627678475,65.15602011210086,62.57802143931804,7.8288053055234625,29,1.0,1,1.0,0.0,0.0,0.0,0.0,1.0,0.0,1.0,0.0,0.0,0.0
44,1.0,56.222534380523385,58.038506929037375,8.731922035243986,28,1.0,0,1.0,0.0,0.0,0.0,0.0,1.0,1.0,0.0,0.0,0.0,0.0
45,7.832590169441057,65.27482414986059,43.57427004846179,7.02070110592484,25,0.0,0,1.0,0.0,0.0,0.0,1.0,0.0,1.0,0.0,0.0,0.0,0.0
46,15.30942067438536,88.96099554303726,82.04302793957865,7.02070110592484,18,2.0,1,0.0,1.0,1.0,0.0,0.0,0.0,1.0,0.0,0.0,0.0,0.0
47,6.006155478744027,68.81319549762357,74.27218954613586,9.55835565075925,21,0.0,1,1.0,0.0,0.0,1.0,0.0,0.0,0.0,0.0,1.0,0.0,0.0
48,11.443749505785156,68.9264279023357,94.1490726825403,7.240015616926668,27,2.0,1,1.0,0.0,0.0,1.0,0.0,0.0,1.0,0.0,0.0,0.0,0.0
49,15.466361349939298,56.107355135460814,76.8846385047942,7.904414640772361,29,2.0,1,0.0,1.0,0.0,1.0,0.0,0.0,0.0,0.0,0.0,0.0,1.0
50,10.825477157096316,74.40978671258426,100.0,5.575679094833145,22,2.0,1,0.0,1.0,0.0,0.0,1.0,0.0,0.0,1.0,0.0,0.0,0.0
51,16.050686320666554,74.01825651376075,67.31250468451226,5.650699209111719,26,1.0,1,0.0,1.0,0.0,0.0,1.0,0.0,0.0,0.0,0.0,0.0,1.0
52,17.056466348672604,87.99649007902721,26.82899259164836,8.406696652045465,24,1.0,1,1.0,0.0,1.0,0.0,0.0,0.0,1.0,0.0,0.0,0.0,0.0
53,18.126371989648547,89.91972406182808,58.74691841700606,5.633690696446974,25,1.0,1,0.0,1.0,1.0,0.0,0.0,0.0,0.0,0.0,0.0,0.0,1.0
54,1.0,50.52593352592821,80.51388837431912,8.162249267227114,28,0.0,1,1.0,0.0,0.0,0.0,0.0,1.0,0.0,0.0,0.0,0.0,1.0
55,8.816005550590486,63.331992154653,59.36748109319047,7.02070110592484,26,1.0,1,1.0,0.0,0.0,0.0,0.0,1.0,0.0,0.0,1.0,0.0,0.0
56,8.918980597175523,86.12809762282659,94.22858686046472,5.593303347954534,24,0.0,1,1.0,0.0,0.0,0.0,0.0,1.0,0.0,0.0,1.0,0.0,0.0
57,15.33151950907666,88.38914123354489,100.0,7.662648763165245,22,1.0,1,0.0,1.0,0.0,0.0,0.0,1.0,0.0,0.0,1.0,0.0,0.0
58,13.543759282597644,63.94966685415766,72.40835372655727,7.873013629473625,22,0.0,1,0.0,1.0,0.0,1.0,0.0,0.0,1.0,0.0,0.0,0.0,0.0
59,14.989598294869005,72.66740468479586,89.17503713039058,5.897802845175399,27,0.0,1,0.0,1.0,0.0,1.0,0.0,0.0,0.0,0.0,0.0,1.0,0.0
60,12.503256039968264,73.39734064911238,100.0,7.815683701953833,28,1.0,1,0.0,1.0,1.0,0.0,0.0,0.0,0.0,0.0,0.0,1.0,0.0
61,12.278201568689395,64.27488019351657,61.96351371507684,5.393883104396184,23,1.0,1,0.0,1.0,0.0,0.0,1.0,0.0,0.0,0.0,1.0,0.0,0.0
62,13.823548368931936,69.26578423027594,91.96149307096265,5.332446883692034,22,1.0,1,1.0,0.0,0.0,0.0,0.0,1.0,1.0,0.0,0.0,0.0,0.0
63,11.40455424823022,67.10285249780141,68.06365797591909,6.091067294483885,29,0.0,1,0.0,1.0,0.0,0.0,0.0,1.0,0.0,0.0,0.0,0.0,1.0
64,13.259121571230793,46.68595589973129,66.05389438437777,6.320712280911302,28,1.0,1,1.0,0.0,0.0,0.0,0.0,1.0,0.0,0.0,0.0,1.0,0.0
65,16.10320174423675,81.17041671565187,100.0,5.599135088108416,26,0.0,1,0.0,1.0,0.0,0.0,1.0,0.0,0.0,0.0,0.0,0.0,1.0
66,9.6421426341119,77.89625301356692,76.6831066178093,8.26135952596947,20,1.0,1,1.0,0.0,0.0,0.0,1.0,0.0,0.0,0.0,0.0,0.0,1.0
67,10.28242807400076,65.66875148264454,74.32240329193016,8.343669728325384,20,1.0,1,1.0,0.0,0.0,0.0,1.0,0.0,1.0,0.0,0.0,0.0,0.0
68,11.287474208665746,83.7774656194767,84.39206118364821,6.779026529845212,24,1.0,1,1.0,0.0,1.0,0.0,0.0,0.0,0.0,0.0,0.0,0.0,1.0
69,8.841794721510112,71.52693398642057,51.3110636218791,9.383156437859178,24,1.0,1,1.0,0.0,0.0,1.0,0.0,0.0,0.0,0.0,0.0,1.0,0.0
70,8.185748512432369,70.65886036810396,80.04621703863313,4.5478795481300285,23,1.0,1,1.0,0.0,0.0,0.0,0.0,1.0,1.0,0.0,0.0,0.0,0.0
71,13.368512277066683,76.62648763165245,81.08963851185933,7.390134137758819,20,1.0,1,0.0,1.0,0.0,0.0,0.0,1.0,1.0,0.0,0.0,0.0,0.0
72,11.430674678774588,63.45640110684291,65.15726354383239,4.668595589973129,24,1.0,1,1.0,0.0,0.0,0.0,0.0,1.0,0.0,0.0,1.0,0.0,0.0
73,10.534206294535068,72.59096524218562,77.743539986901,6.71028524978014,22,1.0,1,1.0,0.0,1.0,0.0,0.0,0.0,1.0,0.0,0.0,0.0,0.0
74,13.228153746379895,66.33178726910306,100.0,5.827561081989285,24,1.0,1,1.0,0.0,0.0,0.0,0.0,1.0,0.0,0.0,0.0,0.0,1.0
75,15.243738063632156,57.06184428377443,91.8897015580126,5.989446316879994,19,0.0,1,0.0,1.0,0.0,1.0,0.0,0.0,1.0,0.0,0.0,0.0,0.0
76,14.151170787931608,81.31996404209654,49.49395050795694,8.830960523271024,23,1.0,1,1.0,0.0,0.0,0.0,0.0,1.0,0.0,0.0,1.0,0.0,0.0
77,6.90970567538264,60.082571885653934,100.0,5.946526878543112,25,1.0,1,1.0,0.0,0.0,0.0,1.0,0.0,1.0,0.0,0.0,0.0,0.0
78,21.44993916063213,64.3961365695198,70.67592238870209,6.8888690883079216,18,1.0,1,0.0,1.0,0.0,1.0,0.0,0.0,0.0,0.0,1.0,0.0,0.0
79,10.181952613466034,78.1132371766594,100.0,9.201790625499108,21,0.0,1,0.0,1.0,0.0,0.0,1.0,0.0,0.0,0.0,0.0,0.0,1.0
80,14.630881621513062,85.92826202315608,93.36995415930228,8.436180451190522,28,0.0,1,1.0,0.0,0.0,0.0,0.0,1.0,0.0,0.0,0.0,0.0,1.0
81,8.265914493979771,61.44758640434626,69.17266314921663,8.34930079088828,18,2.0,1,1.0,0.0,0.0,1.0,0.0,0.0,0.0,0.0,0.0,0.0,1.0
82,11.976017616371603,47.29616602709421,52.578797117536034,8.815205896199966,18,1.0,1,0.0,1.0,0.0,0.0,0.0,1.0,0.0,0.0,0.0,0.0,1.0
83,15.700384626477,69.49180246894763,85.64379461838608,5.0955034222290045,27,0.0,1,1.0,0.0,1.0,0.0,0.0,0.0,0.0,0.0,1.0,0.0,0.0
84,6.725347581554397,38.20497654979534,49.60671229638673,4.0,29,1.0,0,1.0,0.0,0.0,0.0,0.0,1.0,0.0,0.0,1.0,0.0,0.0
85,1.362672167601911,37.8398399833337,76.07945294104826,7.02070110592484,28,1.0,1,1.0,0.0,0.0,0.0,1.0,0.0,0.0,0.0,0.0,0.0,1.0
86,17.489982994026686,76.91821906855884,93.60072359447426,10.0,25,2.0,1,0.0,1.0,0.0,0.0,0.0,1.0,1.0,0.0,0.0,0.0,0.0
87,10.508977995473526,86.19534892836623,39.99556765753229,5.215716676381954,24,0.0,1,1.0,0.0,0.0,1.0,0.0,0.0,0.0,0.0,1.0,0.0,0.0
88,9.56663180724108,62.82962966082084,34.7265718846731,7.45672288838945,29,0.0,1,1.0,0.0,0.0,0.0,1.0,0.0,0.0,0.0,0.0,0.0,1.0
89,6.520460315605208,65.31435935015747,49.15070213806023,6.4517027845405455,27,2.0,1,1.0,0.0,1.0,0.0,0.0,0.0,0.0,0.0,0.0,0.0,1.0
90,12.675414075431611,65.55089894354838,58.1102984419874,5.984718777936393,18,0.0,1,1.0,0.0,0.0,0.0,0.0,1.0,0.0,0.0,0.0,1.0,0.0
91,11.787478660266617,81.62249267227114,63.061293171902506,7.712820610092738,28,0.0,1,0.0,1.0,0.0,0.0,1.0,0.0,1.0,0.0,0.0,0.0,0.0
92,3.816738792400467,44.41644349240749,42.86489862061514,7.02070110592484,19,2.0,0,1.0,0.0,0.0,0.0,0.0,1.0,0.0,1.0,0.0,0.0,0.0
93,8.051082844304183,78.28805305523463,84.67315933557532,7.02070110592484,21,1.0,1,1.0,0.0,1.0,0.0,0.0,0.0,0.0,0.0,0.0,0.0,1.0
94,17.45167572165159,59.561380946815625,67.04164161265477,10.0,18,0.0,1,0.0,1.0,0.0,1.0,0.0,0.0,0.0,0.0,1.0,0.0,0.0
95,18.22184268381919,45.89867396546136,96.06212527975262,6.095585359227639,20,0.0,1,0.0,1.0,0.0,0.0,0.0,1.0,0.0,0.0,0.0,0.0,1.0
96,11.707463279294467,66.17647014160791,53.67392196369336,8.921472096269918,25,0.0,1,1.0,0.0,0.0,1.0,0.0,0.0,0.0,0.0,0.0,0.0,1.0
97,21.28372413714401,70.28229462176955,82.47181790730694,8.77667022835907,25,0.0,1,0.0,1.0,0.0,0.0,1.0,0.0,1.0,0.0,0.0,0.0,0.0
98,12.404197103334065,83.32464017256682,69.4339662486841,7.02070110592484,25,2.0,1,1.0,0.0,0.0,1.0,0.0,0.0,0.0,0.0,0.0,0.0,1.0
99,3.298997670329572,68.69989542172324,63.18101885145901,7.02070110592484,23,1.0,1,1.0,0.0,0.0,0.0,1.0,0.0,0.0,0.0,0.0,0.0,1.0
100,10.320133612689323,53.73707263661189,38.24049685217071,4.425377278551284,23,1.0,1,1.0,0.0,1.0,0.0,0.0,0.0,0.0,0.0,0.0,0.0,1.0
101,11.641117090077016,72.28585884261201,66.38545401409088,8.288364405925536,22,2.0,1,1.0,0.0,0.0,0.0,0.0,1.0,0.0,0.0,0.0,0.0,1.0
102,6.740878428769209,74.8836484867659,63.3003224796215,7.02070110592484,26,1.0,0,0.0,1.0,0.0,0.0,0.0,1.0,0.0,0.0,1.0,0.0,0.0
103,10.838197675065487,62.06048358536989,51.80969608944715,6.24902318800952,21,0.0,1,0.0,1.0,0.0,0.0,0.0,1.0,1.0,0.0,0.0,0.0,0.0
104,17.729636590583034,82.6135952596947,81.88307317894144,6.979298959252312,27,1.0,1,0.0,1.0,0.0,0.0,0.0,1.0,0.0,0.0,0.0,0.0,1.0
105,14.312718572075193,84.662298399131,100.0,9.88960472944598,29,2.0,1,0.0,1.0,0.0,0.0,0.0,1.0,0.0,0.0,0.0,0.0,1.0
106,2.977334464102245,71.45128794325576,65.04381849028334,9.190796773019846,29,2.0,0,1.0,0.0,0.0,0.0,1.0,0.0,0.0,0.0,0.0,0.0,1.0
107,10.609975474847989,57.224872148587714,73.7194655492427,7.02070110592484,29,0.0,0,1.0,0.0,0.0,0.0,1.0,0.0,0.0,1.0,0.0,0.0,0.0
108,2.840145544823672,39.1999659363938,80.61821699292088,8.137006349978627,24,1.0,1,1.0,0.0,0.0,0.0,1.0,0.0,0.0,0.0,0.0,0.0,1.0
109,13.384270740212022,75.32233446570119,79.01636119784825,6.447677069920261,18,1.0,1,0.0,1.0,0.0,0.0,1.0,0.0,0.0,1.0,0.0,0.0,0.0
110,8.490726059148765,68.20798594857301,94.7122083373454,6.714118873699807,26,2.0,1,1.0,0.0,0.0,0.0,1.0,0.0,0.0,0.0,0.0,0.0,1.0
111,11.921873828871863,69.56711371593413,74.67379767429351,7.908932705516115,24,0.0,1,0.0,1.0,0.0,0.0,0.0,1.0,0.0,0.0,0.0,0.0,1.0
112,10.63526216710563,75.6038634304802,79.52978753214984,4.0,27,1.0,1,1.0,0.0,0.0,0.0,1.0,0.0,0.0,0.0,0.0,1.0,0.0
113,7.983222284719224,89.04496577770995,59.90671461053794,10.0,29,2.0,1,1.0,0.0,0.0,0.0,1.0,0.0,0.0,0.0,1.0,0.0,0.0
114,11.854508756445483,75.96876879050892,74.7741728343774,4.51878282019268,26,1.0,1,1.0,0.0,0.0,0.0,0.0,1.0,0.0,0.0,0.0,0.0,1.0
115,16.70100232967043,100.0,100.0,7.152693398642057,24,1.0,1,0.0,1.0,0.0,0.0,1.0,0.0,0.0,0.0,1.0,0.0,0.0
116,11.575058616713134,43.9190342813622,92.39692676027482,7.175411312264106,19,0.0,1,1.0,0.0,0.0,0.0,0.0,1.0,0.0,1.0,0.0,0.0,0.0
117,10.15684680829604,55.933033479545344,61.58885118754284,7.768090877725527,23,0.0,0,0.0,1.0,0.0,0.0,1.0,0.0,0.0,0.0,1.0,0.0,0.0
118,11.106718507670829,68.09421349868312,85.70165630172644,7.397925802240305,27,1.0,1,0.0,1.0,0.0,0.0,1.0,0.0,1.0,0.0,0.0,0.0,0.0
119,13.400062891844003,79.82395725533681,63.53769217185649,7.811323717665941,29,2.0,1,0.0,1.0,0.0,0.0,1.0,0.0,0.0,0.0,1.0,0.0,0.0
120,7.942327715463444,48.200806387288,89.82775207682269,7.687638517877148,28,0.0,1,1.0,0.0,0.0,1.0,0.0,0.0,0.0,0.0,0.0,1.0,0.0
121,4.026857796617076,66.98772910161381,29.86510345142392,7.746713613228744,21,1.0,1,1.0,0.0,0.0,0.0,1.0,0.0,0.0,0.0,0.0,0.0,1.0
122,9.288777523283509,78.64112331473041,69.79821149654907,6.6137577374002765,20,1.0,1,0.0,1.0,0.0,0.0,0.0,1.0,1.0,0.0,0.0,0.0,0.0
123,9.36473783289437,64.83769511579392,87.17945375418519,6.475775490947952,19,0.0,1,1.0,0.0,0.0,0.0,0.0,1.0,1.0,0.0,0.0,0.0,0.0
124,14.887432799710336,71.11130911692078,100.0,6.026913368346891,23,1.0,1,0.0,1.0,0.0,0.0,1.0,0.0,0.0,0.0,0.0,0.0,1.0
125,13.463574484645031,76.33724158678159,82.20343447908317,8.653660550522748,25,1.0,1,0.0,1.0,1.0,0.0,0.0,0.0,0.0,0.0,0.0,0.0,1.0
126,15.093890675164936,94.10132603453864,82.90407046548641,5.569760497478249,23,2.0,1,0.0,1.0,1.0,0.0,0.0,0.0,0.0,0.0,0.0,0.0,1.0
127,12.376068700309125,99.92456456241692,84.56049378557222,6.382698314639034,26,1.0,1,1.0,0.0,0.0,0.0,0.0,1.0,1.0,0.0,0.0,0.0,0.0
128,10.018818575019475,90.10300698901128,62.45607284799756,4.903245206543344,22,1.0,1,1.0,0.0,0.0,0.0,0.0,1.0,1.0,0.0,0.0,0.0,0.0
129,9.83060082298254,73.51328790871929,84.16851357169547,10.0,19,0.0,1,1.0,0.0,0.0,0.0,1.0,0.0,1.0,0.0,0.0,0.0,0.0
130,7.045254712864752,66.05971358974395,46.36058217929469,4.852043663447102,25,2.0,0,1.0,0.0,0.0,0.0,0.0,1.0,0.0,0.0,0.0,0.0,1.0
131,9.780379877298683,67.3708235711047,73.92054705895174,7.02070110592484,26,0.0,1,0.0,1.0,1.0,0.0,0.0,0.0,1.0,0.0,0.0,0.0,0.0
132,9.427925536849996,79.73086631653109,78.6075336982195,7.954579780554784,27,1.0,1,1.0,0.0,0.0,0.0,1.0,0.0,0.0,0.0,0.0,1.0,0.0
133,4.10299124516259,97.98778136070254,88.47404910826674,6.790434551677206,21,0.0,1,1.0,0.0,0.0,0.0,0.0,1.0,0.0,0.0,0.0,0.0,1.0
134,1.0,53.600915950182106,57.821807920992846,9.59119834971942,23,2.0,1,1.0,0.0,0.0,0.0,1.0,0.0,1.0,0.0,0.0,0.0,0.0
135,12.96969769444622,72.05765499017575,100.0,8.31027264192204,28,1.0,1,0.0,1.0,0.0,0.0,0.0,1.0,0.0,0.0,1.0,0.0,0.0
136,5.831095004374446,52.45899003223461,61.71425583338479,8.521856684534328,27,1.0,1,1.0,0.0,0.0,0.0,0.0,1.0,0.0,0.0,1.0,0.0,0.0
137,9.616982276246768,54.527368596735336,64.75878829699298,7.096040083806797,25,0.0,0,0.0,1.0,0.0,0.0,0.0,1.0,1.0,0.0,0.0,0.0,0.0
138,16.129713744514966,70.13173140741391,60.50053588777371,5.791461888127148,26,1.0,1,0.0,1.0,0.0,0.0,0.0,1.0,0.0,0.0,0.0,1.0,0.0
139,14.669549706305272,63.90881764373962,60.30403793567199,7.02070110592484,29,1.0,1,0.0,1.0,0.0,0.0,0.0,1.0,0.0,0.0,0.0,0.0,1.0
140,8.751392968925662,87.31922035243987,57.74912571169924,7.02070110592484,22,1.0,1,1.0,0.0,0.0,0.0,0.0,1.0,0.0,0.0,0.0,1.0,0.0
141,2.874947296052268,85.86227521574303,92.8407671798572,8.043861905318437,29,0.0,0,1.0,0.0,0.0,0.0,0.0,1.0,0.0,0.0,0.0,0.0,1.0
142,10.774647626353886,63.29042078828332,65.27039279158708,7.137567879227915,23,2.0,1,1.0,0.0,0.0,1.0,0.0,0.0,0.0,0.0,0.0,0.0,1.0
143,4.842456198911779,61.35887668526959,63.001269781467,7.02070110592484,28,2.0,0,0.0,1.0,0.0,0.0,0.0,1.0,0.0,0.0,0.0,0.0,1.0
144,11.60144837928541,56.33690696446975,57.529698107706125,9.660882792275556,21,0.0,1,0.0,1.0,0.0,1.0,0.0,0.0,0.0,0.0,1.0,0.0,0.0
145,7.763473596094441,76.37841596312117,78.76065825077829,6.862432120772085,22,2.0,1,1.0,0.0,0.0,1.0,0.0,0.0,1.0,0.0,0.0,0.0,0.0
146,6.6785639583461975,85.28167202549481,75.57718171208784,8.192982465932015,24,1.0,1,1.0,0.0,0.0,0.0,1.0,0.0,0.0,0.0,0.0,0.0,1.0
147,11.417609627483143,50.95503422229005,92.9155963776718,6.118054222749716,26,1.0,1,1.0,0.0,0.0,0.0,1.0,0.0,0.0,0.0,0.0,0.0,1.0
148,18.270723932691062,89.82918761285052,89.36923992507025,7.02070110592484,27,1.0,1,0.0,1.0,0.0,0.0,1.0,0.0,0.0,0.0,0.0,1.0,0.0
149,10.7238980282568,81.4706451067958,65.38321158666375,7.179201405142699,28,1.0,1,0.0,1.0,0.0,0.0,0.0,1.0,0.0,0.0,1.0,0.0,0.0
150,14.258375950470764,66.48671209128071,76.12971229600304,9.51127866386597,23,1.0,1,1.0,0.0,0.0,0.0,1.0,0.0,1.0,0.0,0.0,0.0,0.0
151,1.0,49.804215333326965,46.077928141636505,5.373707263661189,23,1.0,0,1.0,0.0,0.0,0.0,1.0,0.0,1.0,0.0,0.0,0.0,0.0
152,9.528840373801447,81.82682961981213,100.0,6.214694479986525,25,1.0,1,1.0,0.0,0.0,0.0,1.0,0.0,1.0,0.0,0.0,0.0,0.0
153,11.814251487567631,88.46919764169559,100.0,7.02070110592484,28,1.0,1,1.0,0.0,0.0,0.0,0.0,1.0,0.0,0.0,0.0,0.0,1.0
154,8.516966314516123,52.89884612056901,83.3400473321555,7.266740468479585,21,1.0,1,1.0,0.0,0.0,0.0,1.0,0.0,0.0,0.0,0.0,1.0,0.0
155,16.858286127863266,88.71258219763011,90.29419347572774,8.739272793291464,20,0.0,1,0.0,1.0,0.0,0.0,1.0,0.0,0.0,0.0,0.0,0.0,1.0
156,9.554037519963847,61.97375777370517,86.1092434055396,7.02070110592484,24,2.0,1,1.0,0.0,0.0,0.0,1.0,0.0,0.0,1.0,0.0,0.0,0.0
157,2.471264971438294,56.16504672374715,65.43950621442778,5.426878580910353,22,1.0,1,1.0,0.0,0.0,1.0,0.0,0.0,0.0,0.0,0.0,0.0,1.0
158,3.762472600789959,76.21400295301382,66.7146627293149,6.43961365695198,19,0.0,1,1.0,0.0,0.0,0.0,0.0,1.0,0.0,1.0,0.0,0.0,0.0
159,4.799552250996007,58.377507327728864,74.17174797238714,6.419383475463216,19,0.0,1,1.0,0.0,0.0,0.0,0.0,1.0,1.0,0.0,0.0,0.0,0.0
160,4.251291214782038,62.78740868999781,64.52925973315367,7.297387704969847,28,1.0,1,1.0,0.0,0.0,0.0,0.0,1.0,1.0,0.0,0.0,0.0,0.0
161,12.806635470189963,59.98871433316225,73.76974726895004,6.828377661054999,23,2.0,1,1.0,0.0,0.0,0.0,1.0,0.0,0.0,0.0,0.0,0.0,1.0
162,9.993727154824375,72.78219450947915,100.0,7.167834460362379,25,1.0,1,1.0,0.0,0.0,1.0,0.0,0.0,1.0,0.0,0.0,0.0,0.0
163,16.15639921389853,89.3005290331352,100.0,6.752356852871105,18,1.0,1,0.0,1.0,0.0,1.0,0.0,0.0,0.0,0.0,0.0,0.0,1.0
164,7.581710166106168,82.2422483053399,100.0,4.533447194854243,28,0.0,1,1.0,0.0,0.0,0.0,0.0,1.0,0.0,0.0,0.0,0.0,1.0
165,5.232534991594174,58.829583284348125,44.56949885214907,4.4416443492407485,23,1.0,0,1.0,0.0,0.0,1.0,0.0,0.0,0.0,0.0,0.0,0.0,1.0
166,14.573393206359526,91.16939904601782,72.1044078869728,9.116939904601782,29,2.0,1,0.0,1.0,0.0,1.0,0.0,0.0,0.0,0.0,1.0,0.0,0.0
167,13.305809371448689,58.879185942382975,55.77141313953531,7.02070110592484,19,1.0,1,1.0,0.0,0.0,0.0,1.0,0.0,1.0,0.0,0.0,0.0,0.0
168,13.608568881087084,67.48540697480354,57.0844036223282,6.341498187244258,19,0.0,1,0.0,1.0,0.0,0.0,0.0,1.0,1.0,0.0,0.0,0.0,0.0
169,1.7781573161808095,71.64047651742656,100.0,5.73864047403053,24,1.0,1,1.0,0.0,0.0,1.0,0.0,0.0,0.0,0.0,1.0,0.0,0.0
170,17.771348033422903,67.40903475781438,79.11882413799606,8.122014182655912,27,0.0,1,0.0,1.0,0.0,0.0,0.0,1.0,0.0,0.0,1.0,0.0,0.0
171,11.004090299462062,82.72111980322197,89.49946411222629,8.24004659475745,18,1.0,1,1.0,0.0,0.0,0.0,0.0,1.0,1.0,0.0,0.0,0.0,0.0
172,7.324585924568389,47.870959578297104,100.0,8.639908404981789,23,1.0,1,1.0,0.0,0.0,1.0,0.0,0.0,0.0,0.0,0.0,0.0,1.0
173,15.535296759603725,72.40015616926668,88.98216175566452,6.48776101621166,24,1.0,1,1.0,0.0,0.0,0.0,1.0,0.0,0.0,1.0,0.0,0.0,0.0
174,11.326419340801015,77.50976811990479,54.11182410254808,8.667553116307966,25,0.0,1,1.0,0.0,0.0,0.0,1.0,0.0,0.0,1.0,0.0,0.0,0.0
175,4.464703240396276,51.12238466429844,60.95369171390816,6.956711371593412,24,2.0,0,1.0,0.0,0.0,0.0,1.0,0.0,1.0,0.0,0.0,0.0,0.0
176,3.623487626989234,30.0,47.04326942057792,7.02070110592484,23,1.0,0,1.0,0.0,0.0,0.0,1.0,0.0,0.0,0.0,1.0,0.0,0.0
177,7.075080619905375,45.47879548130028,52.29431581630096,5.684206530426459,26,1.0,1,0.0,1.0,1.0,0.0,0.0,0.0,0.0,0.0,0.0,1.0,0.0
178,9.692436817237509,52.60727206708536,87.97448842204146,5.700716121769754,20,1.0,1,1.0,0.0,0.0,0.0,1.0,0.0,0.0,0.0,0.0,0.0,1.0
179,7.721798431310603,48.72822174066268,74.57341429712329,6.873767003664303,28,1.0,1,1.0,0.0,0.0,0.0,1.0,0.0,0.0,1.0,0.0,0.0,0.0
180,10.850923620561844,52.75387364434612,77.54104866842252,7.312757200588496,23,1.0,1,0.0,1.0,0.0,0.0,1.0,0.0,1.0,0.0,0.0,0.0,0.0
181,12.531738286805394,66.40929755992371,95.80179099601597,8.717343959822593,21,1.0,0,0.0,1.0,0.0,1.0,0.0,0.0,0.0,0.0,0.0,0.0,1.0
182,13.431749474141778,58.57970988303543,88.03648628492317,6.586458371926066,19,1.0,1,0.0,1.0,1.0,0.0,0.0,0.0,0.0,0.0,0.0,0.0,1.0
183,8.556250494214847,72.36204190201921,70.98363880215176,6.008257188565394,18,0.0,1,1.0,0.0,0.0,0.0,1.0,0.0,0.0,0.0,0.0,1.0,0.0
184,5.705451980248212,66.02074197759694,65.77570790858822,7.02070110592484,29,2.0,0,1.0,0.0,0.0,0.0,1.0,0.0,0.0,0.0,0.0,0.0,1.0
185,17.3763468072343,71.71622338945002,100.0,8.177554074815339,29,1.0,1,0.0,1.0,0.0,1.0,0.0,0.0,0.0,0.0,0.0,1.0,0.0
186,13.166585976222708,99.65414838588,43.74557025555327,5.043817894300204,18,0.0,1,1.0,0.0,0.0,0.0,1.0,0.0,0.0,0.0,1.0,0.0,0.0
187,9.161802324934513,71.6026188836052,95.37556270065974,7.02070110592484,28,1.0,1,1.0,0.0,0.0,0.0,1.0,0.0,0.0,0.0,1.0,0.0,0.0
188,17.688456249360257,90.76942387431735,98.68893637812091,6.012935522516567,27,2.0,1,0.0,1.0,0.0,0.0,1.0,0.0,0.0,0.0,0.0,0.0,1.0
189,14.44154672418894,81.02197154824601,79.27272237662326,9.756962736087196,20,2.0,1,0.0,1.0,0.0,0.0,0.0,1.0,0.0,0.0,0.0,0.0,1.0
190,15.353722985346051,58.32662640917716,61.651619110883,6.832165539637622,21,1.0,1,0.0,1.0,0.0,0.0,1.0,0.0,0.0,1.0,0.0,0.0,0.0
191,6.955136561453702,52.82656040177408,71.59630551775261,5.994163839065713,19,0.0,0,1.0,0.0,0.0,0.0,0.0,1.0,0.0,0.0,0.0,0.0,1.0
192,9.174522842903684,57.33272383149056,69.85010316533702,7.02070110592484,29,1.0,0,0.0,1.0,1.0,0.0,0.0,0.0,0.0,1.0,0.0,0.0,0.0
193,1.0,51.28741780236987,88.41114881245716,7.02070110592484,28,0.0,1,1.0,0.0,0.0,0.0,0.0,1.0,0.0,0.0,0.0,0.0,1.0
194,5.388348907915717,74.13541628073935,85.58602188617348,7.584675146708745,28,2.0,1,1.0,0.0,0.0,0.0,1.0,0.0,0.0,0.0,0.0,0.0,1.0
195,19.79767991918762,100.0,52.8588129615851,9.028934146329531,28,0.0,1,0.0,1.0,0.0,1.0,0.0,0.0,0.0,0.0,0.0,0.0,1.0
196,8.90613465694208,61.53599800362211,50.69255905400449,6.362158403687881,18,0.0,1,1.0,0.0,0.0,0.0,0.0,1.0,0.0,0.0,1.0,0.0,0.0
197,13.64120177650369,88.07403150830606,97.1411870384149,5.112238466429844,21,1.0,1,0.0,1.0,0.0,0.0,1.0,0.0,0.0,0.0,0.0,0.0,1.0
198,5.092298044768634,70.01881853552686,69.90196018881055,9.865899397238769,24,1.0,1,1.0,0.0,0.0,0.0,1.0,0.0,0.0,0.0,0.0,0.0,1.0
199,11.483033685483877,82.7751278514123,80.82733685078337,4.3746675743149215,27,1.0,1,1.0,0.0,0.0,0.0,0.0,1.0,1.0,0.0,0.0,0.0,0.0
200,5.252263649443817,63.081780931441166,55.930139966376686,7.02070110592484,28,1.0,1,1.0,0.0,0.0,0.0,1.0,0.0,0.0,0.0,0.0,1.0,0.0
201,8.828904030426902,55.03120511539299,81.51153131568786,5.484427012536842,23,0.0,1,0.0,1.0,0.0,0.0,1.0,0.0,0.0,1.0,0.0,0.0,0.0
202,3.1737131439096755,66.75694179152657,92.03350380188306,5.695230492979388,23,0.0,0,1.0,0.0,0.0,1.0,0.0,0.0,0.0,0.0,0.0,0.0,1.0
203,9.654719375963984,70.84728422200227,65.32684066442468,7.945380737330661,28,1.0,1,1.0,0.0,0.0,0.0,0.0,1.0,1.0,0.0,0.0,0.0,0.0
204,14.34923169006871,45.62088403105433,80.9321347419355,7.492335127023105,26,0.0,1,0.0,1.0,0.0,1.0,0.0,0.0,0.0,0.0,0.0,1.0,0.0
205,7.396692527137423,57.11635594074463,72.66118250314526,6.640929755992371,19,1.0,1,1.0,0.0,0.0,0.0,0.0,1.0,0.0,0.0,1.0,0.0,0.0
206,9.11086510506805,64.15324853291254,90.76910615974953,9.33140441002687,21,1.0,1,1.0,0.0,0.0,0.0,0.0,1.0,1.0,0.0,0.0,0.0,0.0
207,7.955974403147715,48.9320033923068,39.52156276965924,8.606116895603815,22,1.0,1,1.0,0.0,1.0,0.0,0.0,0.0,0.0,0.0,0.0,0.0,1.0
208,1.0,50.785279037300825,74.47302017216381,6.6059713589743945,18,2.0,1,1.0,0.0,0.0,0.0,1.0,0.0,1.0,0.0,0.0,0.0,0.0
209,14.728081333716592,47.64497283504523,46.63762898755024,7.02070110592484,25,2.0,1,1.0,0.0,0.0,1.0,0.0,0.0,0.0,0.0,0.0,0.0,1.0
210,11.365445113263704,74.80434513785623,89.30435591350032,6.443647373066354,25,2.0,1,0.0,1.0,0.0,1.0,0.0,0.0,0.0,0.0,1.0,0.0,0.0
211,10.787347300673073,72.55277086168553,100.0,6.805626529491795,23,0.0,1,1.0,0.0,0.0,0.0,0.0,1.0,0.0,0.0,1.0,0.0,0.0
212,1.0,75.16230488420608,85.01302415987305,10.0,29,0.0,1,1.0,0.0,0.0,0.0,0.0,1.0,0.0,0.0,0.0,1.0,0.0
213,11.171095969573098,87.02926313777428,100.0,8.930052903313522,22,1.0,1,0.0,1.0,1.0,0.0,0.0,0.0,0.0,0.0,0.0,0.0,1.0
214,10.006272845175625,85.47263140326467,70.41871087528031,6.282962966082084,25,2.0,1,1.0,0.0,0.0,0.0,1.0,0.0,0.0,0.0,0.0,0.0,1.0
215,15.22204397436298,60.77463245192393,84.95618150971666,9.496122606271514,20,2.0,1,0.0,1.0,1.0,0.0,0.0,0.0,1.0,0.0,0.0,0.0,0.0
216,15.558510387693222,53.46339449477253,83.2853372706851,7.576562148661559,20,2.0,1,0.0,1.0,0.0,0.0,0.0,1.0,0.0,0.0,1.0,0.0,0.0
217,7.969605881246539,69.00188180082787,69.0678652580645,5.413772478425731,19,0.0,1,1.0,0.0,0.0,0.0,1.0,0.0,0.0,0.0,1.0,0.0,0.0
218,10.471159626198553,72.20973470154787,88.60025156737602,6.725608653991118,22,2.0,1,1.0,0.0,0.0,0.0,0.0,1.0,0.0,1.0,0.0,0.0,0.0
219,15.847003322588462,61.62411653120325,48.56108318286599,7.401825651376074,20,1.0,1,0.0,1.0,0.0,0.0,1.0,0.0,0.0,0.0,0.0,0.0,1.0
220,1.920272710760773,60.454202194452144,100.0,10.0,20,0.0,1,1.0,0.0,0.0,0.0,0.0,1.0,1.0,0.0,0.0,0.0,0.0
221,18.751108085616927,92.1290404217029,66.16468315779673,6.664126303052326,23,1.0,1,0.0,1.0,0.0,1.0,0.0,0.0,0.0,0.0,0.0,0.0,1.0
222,10.572074463150004,68.8509468287403,92.5439129276472,6.427488019351657,25,0.0,1,0.0,1.0,0.0,0.0,1.0,0.0,0.0,0.0,0.0,1.0,0.0
223,12.865576957035875,69.03959916193203,64.64419450955265,4.0,19,1.0,1,1.0,0.0,1.0,0.0,0.0,0.0,1.0,0.0,0.0,0.0,0.0
224,6.440094473776375,73.66821273089694,65.94283041215071,7.02070110592484,21,1.0,1,1.0,0.0,0.0,0.0,1.0,0.0,0.0,0.0,1.0,0.0,0.0
225,16.348321925903278,84.18424400114978,73.82002121387714,7.103584187210805,28,1.0,1,0.0,1.0,0.0,0.0,0.0,1.0,1.0,0.0,0.0,0.0,0.0
226,6.472350090813043,63.20712280911304,98.09229380325316,5.822445925184661,24,1.0,1,1.0,0.0,1.0,0.0,0.0,0.0,0.0,0.0,1.0,0.0,0.0
227,11.827657384864846,54.33386807691106,45.64279166001192,5.380465107163377,18,2.0,1,0.0,1.0,0.0,1.0,0.0,0.0,0.0,0.0,0.0,0.0,1.0
228,12.446533173279189,73.55198334822855,71.7489520809475,5.318409783815203,18,1.0,1,1.0,0.0,0.0,0.0,0.0,1.0,0.0,0.0,1.0,0.0,0.0
229,12.939819257500943,49.98900793053062,59.97334593921452,8.965025032087372,29,1.0,1,0.0,1.0,0.0,0.0,1.0,0.0,0.0,0.0,0.0,0.0,1.0
230,13.840376565854909,94.66552805145756,77.08636194050331,10.0,27,2.0,1,1.0,0.0,0.0,0.0,0.0,1.0,1.0,0.0,0.0,0.0,0.0
231,2.5861990802079147,48.62484188815681,100.0,6.843522854462252,24,2.0,1,1.0,0.0,0.0,0.0,1.0,0.0,0.0,0.0,0.0,0.0,1.0
232,22.558956248653903,100.0,66.55034455095789,5.153080235830441,24,0.0,1,0.0,1.0,0.0,0.0,1.0,0.0,1.0,0.0,0.0,0.0,0.0
233,3.0768587085608807,37.45458903736889,56.85839511447394,4.034585161412,18,1.0,0,1.0,0.0,0.0,0.0,1.0,0.0,0.0,0.0,0.0,0.0,1.0
234,5.539808205035699,61.26986370526375,65.55186918570746,6.270279459369032,18,0.0,1,1.0,0.0,0.0,0.0,0.0,1.0,0.0,0.0,0.0,0.0,1.0
235,6.243336484803626,79.04414640772362,75.22582716562259,7.02070110592484,21,0.0,1,1.0,0.0,0.0,0.0,1.0,0.0,0.0,0.0,0.0,1.0,0.0
236,4.275520133924694,83.60620366414453,75.67759670806984,7.02070110592484,22,1.0,1,1.0,0.0,0.0,0.0,0.0,1.0,0.0,0.0,0.0,0.0,1.0
237,5.17289846543958,50.613026603545165,64.29834369827356,8.092360532951107,22,2.0,1,1.0,0.0,0.0,0.0,0.0,1.0,0.0,0.0,1.0,0.0,0.0
238,7.367915662144359,60.95585359227639,66.87842352498616,9.047886056827098,21,0.0,1,0.0,1.0,0.0,1.0,0.0,0.0,0.0,0.0,0.0,1.0,0.0
239,10.269863235262063,66.0986586224118,80.87971561677901,6.570797596367623,25,2.0,1,0.0,1.0,1.0,0.0,0.0,0.0,0.0,0.0,0.0,0.0,1.0
240,9.956089530862029,63.16539529393181,78.70959267930553,7.02070110592484,24,2.0,1,0.0,1.0,0.0,1.0,0.0,0.0,0.0,0.0,1.0,0.0,0.0
241,11.352427395136106,85.03084716756058,60.88940036325217,8.142029011696458,26,2.0,1,0.0,1.0,0.0,0.0,1.0,0.0,0.0,0.0,0.0,0.0,1.0
242,16.376512373010762,73.9013413775882,81.61745143452839,8.695776144678181,24,0.0,1,0.0,1.0,0.0,1.0,0.0,0.0,0.0,0.0,0.0,0.0,1.0
243,6.631487722933311,67.63795809798077,65.66393472690822,7.332015552301248,27,2.0,0,1.0,0.0,0.0,0.0,0.0,1.0,1.0,0.0,0.0,0.0,0.0
244,13.89112453027428,80.05836160934287,99.30744094599537,6.667984447698751,18,1.0,1,0.0,1.0,0.0,0.0,1.0,0.0,0.0,0.0,0.0,1.0,0.0
245,16.320331847679086,66.52538416453034,79.8909503078626,6.915271577799772,24,1.0,1,1.0,0.0,0.0,0.0,0.0,1.0,0.0,0.0,0.0,0.0,1.0
246,14.098278486859003,47.75859724062374,93.2935728254381,7.02070110592484,18,0.0,1,0.0,1.0,0.0,1.0,0.0,0.0,1.0,0.0,0.0,0.0,0.0
247,9.868255043040952,50.17081238714949,48.680842877632486,4.201221863929746,24,0.0,1,0.0,1.0,0.0,1.0,0.0,0.0,1.0,0.0,0.0,0.0,0.0
248,9.2761019717432,82.66727616850945,64.35620538161392,7.520225651806069,27,1.0,1,1.0,0.0,0.0,0.0,1.0,0.0,0.0,0.0,0.0,1.0,0.0
249,13.592309981267562,78.68559157209029,74.52321873635498,7.528227095468399,25,1.0,1,1.0,0.0,0.0,1.0,0.0,0.0,0.0,0.0,0.0,0.0,1.0
250,15.420975787796037,64.67766553429882,39.76103934318313,6.227615024861964,28,0.0,1,0.0,1.0,0.0,0.0,0.0,1.0,0.0,0.0,1.0,0.0,0.0
251,13.756663515196374,93.44082230833504,86.998730218533,5.017081238714949,26,0.0,1,0.0,1.0,1.0,0.0,0.0,0.0,0.0,0.0,1.0,0.0,0.0
252,5.558453275811061,73.43596684353976,72.76220719516829,7.02070110592484,29,1.0,1,1.0,0.0,0.0,0.0,1.0,0.0,0.0,0.0,1.0,0.0,0.0
253,17.943854792863924,95.5835565075925,73.66917573443716,7.859673087110763,20,0.0,1,0.0,1.0,0.0,0.0,1.0,0.0,0.0,0.0,0.0,1.0,0.0
254,9.755261410091984,63.12361482122853,44.08145363766787,6.0546192626693385,21,2.0,1,0.0,1.0,0.0,0.0,1.0,0.0,0.0,0.0,1.0,0.0,0.0
255,10.395601500792145,69.34113963189604,72.86317482185973,4.0,21,0.0,1,1.0,0.0,0.0,1.0,0.0,0.0,0.0,0.0,0.0,0.0,1.0
256,8.372117171078033,58.12174286293852,88.72699789656711,6.869989542172324,29,0.0,1,1.0,0.0,0.0,0.0,0.0,1.0,1.0,0.0,0.0,0.0,0.0
257,6.970224314946297,90.19578466667303,96.23768269754144,9.939303975756294,26,1.0,1,1.0,0.0,0.0,0.0,0.0,1.0,0.0,0.0,0.0,0.0,1.0
258,12.098704968351,60.91067294483885,66.6599526678445,4.0,24,1.0,1,1.0,0.0,0.0,1.0,0.0,0.0,0.0,0.0,0.0,0.0,1.0
259,12.689901924081914,70.39523487087713,69.69432263679593,7.02070110592484,20,1.0,1,1.0,0.0,0.0,0.0,0.0,1.0,1.0,0.0,0.0,0.0,0.0
260,13.243622105510363,86.67553116307965,73.26652722896432,5.927173306487476,27,1.0,1,0.0,1.0,0.0,0.0,0.0,1.0,0.0,0.0,0.0,0.0,1.0
261,15.94761107872682,70.92268954828747,89.96018910207883,7.198169535342067,22,2.0,1,0.0,1.0,0.0,0.0,0.0,1.0,1.0,0.0,0.0,0.0,0.0
262,9.123607857034898,66.87242799411503,97.89791946430122,5.503120511539299,24,1.0,1,1.0,0.0,0.0,0.0,1.0,0.0,0.0,0.0,0.0,1.0,0.0
263,13.274652418445603,89.21472096269918,84.33606527309176,9.086803083043614,25,0.0,1,0.0,1.0,0.0,0.0,0.0,1.0,0.0,0.0,0.0,0.0,1.0
264,11.37847209357978,65.59021328741574,72.96408801810631,6.1930294227754255,18,1.0,1,1.0,0.0,0.0,0.0,1.0,0.0,0.0,0.0,0.0,1.0,0.0
265,15.797575977638212,100.0,91.74676721703536,9.09675479345666,29,2.0,1,0.0,1.0,0.0,0.0,0.0,1.0,1.0,0.0,0.0,0.0,0.0
266,8.33237975226189,36.6126519633582,57.4560870723528,4.8200806387288,19,1.0,1,1.0,0.0,0.0,0.0,0.0,1.0,1.0,0.0,0.0,0.0,0.0
267,11.13244688303746,77.33959951983756,73.36724886361256,8.039072345393508,24,0.0,1,1.0,0.0,0.0,0.0,0.0,1.0,0.0,0.0,1.0,0.0,0.0
268,12.432401802103248,59.07639467048893,86.34422779826232,6.652538416453034,28,1.0,1,0.0,1.0,0.0,1.0,0.0,0.0,0.0,0.0,0.0,0.0,1.0
269,9.199947943577774,98.20528668105736,100.0,10.0,19,1.0,1,1.0,0.0,1.0,0.0,0.0,0.0,1.0,0.0,0.0,0.0,0.0
270,12.474854792332184,73.20454178246744,100.0,9.798778136070254,24,1.0,1,0.0,1.0,0.0,0.0,0.0,1.0,1.0,0.0,0.0,0.0,0.0
271,16.462324465484944,100.0,100.0,8.633083751110423,26,0.0,1,1.0,0.0,0.0,0.0,1.0,0.0,0.0,0.0,0.0,0.0,1.0
272,10.876392142965102,82.88364405925536,71.90140949458446,6.126986370526375,28,0.0,1,0.0,1.0,0.0,0.0,1.0,0.0,0.0,0.0,0.0,1.0,0.0
273,9.742699899516856,74.09633533979112,58.53656778122823,7.02070110592484,19,1.0,1,1.0,0.0,0.0,1.0,0.0,0.0,0.0,0.0,1.0,0.0,0.0
274,14.276434008235483,92.24140275937626,45.193297113393655,5.136909141304748,24,0.0,1,0.0,1.0,0.0,0.0,1.0,0.0,0.0,0.0,0.0,0.0,1.0
275,10.761952947537338,82.03338524567322,95.63017520435288,7.609118235626038,21,1.0,1,0.0,1.0,0.0,0.0,1.0,0.0,0.0,0.0,0.0,0.0,1.0
276,3.329669310176872,70.77190030144943,100.0,6.679545821753256,28,1.0,1,1.0,0.0,0.0,0.0,1.0,0.0,1.0,0.0,0.0,0.0,0.0
277,5.68728142792481,67.79026529845213,92.17819207900716,4.603452366862864,19,0.0,1,1.0,0.0,0.0,0.0,1.0,0.0,0.0,0.0,0.0,0.0,1.0
278,3.508644508642737,63.53909051056814,100.0,7.11490531712597,24,2.0,1,1.0,0.0,0.0,0.0,0.0,1.0,1.0,0.0,0.0,0.0,0.0
279,10.940164562694571,51.925968491693936,64.93005219216249,9.147956336552902,22,2.0,1,1.0,0.0,0.0,1.0,0.0,0.0,0.0,0.0,0.0,0.0,1.0
280,15.01028238918686,78.73013629473624,100.0,7.02070110592484,18,1.0,1,1.0,0.0,1.0,0.0,0.0,0.0,1.0,0.0,0.0,0.0,0.0
281,8.172342615135152,80.72826693512523,100.0,8.84691976416956,22,0.0,1,1.0,0.0,0.0,0.0,0.0,1.0,0.0,0.0,0.0,0.0,1.0
282,7.134423042964123,32.32313125403832,74.37261276681585,7.02070110592484,29,0.0,1,1.0,0.0,0.0,0.0,0.0,1.0,0.0,0.0,0.0,0.0,1.0
283,9.390024525152011,45.76081813228232,75.77802878787496,6.415324853291254,29,1.0,1,1.0,0.0,1.0,0.0,0.0,0.0,0.0,0.0,1.0,0.0,0.0
284,6.023391780226612,71.30010457827676,55.531025418138256,5.496915283243942,20,0.0,1,1.0,0.0,0.0,0.0,1.0,0.0,1.0,0.0,0.0,0.0,0.0
285,20.26667802120207,96.60882792275557,70.88117586200394,5.223329771640931,24,2.0,1,0.0,1.0,0.0,0.0,1.0,0.0,0.0,0.0,0.0,1.0,0.0
286,6.536425515354969,73.5907024400763,79.94267267716246,7.02070110592484,23,0.0,1,1.0,0.0,0.0,0.0,1.0,0.0,0.0,0.0,0.0,1.0,0.0
287,8.064611584877387,64.31534017695395,100.0,6.633178726910305,25,1.0,1,1.0,0.0,0.0,0.0,1.0,0.0,0.0,0.0,0.0,0.0,1.0
288,6.456240717402354,77.68090877725527,61.33644386189725,5.145021637720142,22,1.0,1,1.0,0.0,0.0,0.0,1.0,0.0,0.0,0.0,0.0,0.0,1.0
289,13.18193260184928,65.35386202692204,98.48773049427366,7.733959951983758,19,1.0,1,1.0,0.0,0.0,1.0,0.0,0.0,0.0,0.0,1.0,0.0,0.0
290,14.84713353686421,44.25377278551285,81.93634202408091,7.02070110592484,26,0.0,1,1.0,0.0,0.0,0.0,0.0,1.0,0.0,0.0,0.0,1.0,0.0
291,19.97485485413897,80.15281222063598,100.0,6.370388509494699,28,1.0,1,0.0,1.0,0.0,0.0,0.0,1.0,0.0,0.0,1.0,0.0,0.0
292,7.468261713194606,77.4671361322875,71.64720929973805,8.871258219763012,25,0.0,1,1.0,0.0,0.0,0.0,1.0,0.0,0.0,0.0,0.0,0.0,1.0
293,7.163943050434417,78.50817084869675,64.98697584012695,4.282813826679387,23,2.0,1,1.0,0.0,0.0,0.0,0.0,1.0,0.0,0.0,0.0,1.0,0.0
294,3.595093012433609,53.53232824437252,60.1061110457975,7.409633533979112,27,0.0,1,1.0,0.0,0.0,0.0,1.0,0.0,0.0,0.0,0.0,0.0,1.0
295,4.371118996349923,70.88498408959214,70.05732732283754,6.717950631191629,24,2.0,1,1.0,0.0,0.0,1.0,0.0,0.0,0.0,0.0,1.0,0.0,0.0
296,3.420210719408121,66.83395352626064,94.30840613824168,6.6448016651771455,26,2.0,1,1.0,0.0,0.0,0.0,0.0,1.0,0.0,0.0,0.0,1.0,0.0
297,8.199141380229202,73.94028641025606,34.33792496377162,7.02070110592484,24,0.0,1,1.0,0.0,0.0,0.0,1.0,0.0,0.0,0.0,0.0,0.0,1.0
298,18.320408687571717,80.29524842242533,66.27520147579055,4.0,20,1.0,1,0.0,1.0,0.0,1.0,0.0,0.0,0.0,0.0,0.0,1.0,0.0
299,4.579024212203963,40.85945481280953,71.29040732069447,4.0,23,0.0,0,1.0,0.0,0.0,0.0,0.0,1.0,0.0,0.0,0.0,0.0,1.0
300,7.749599274316886,60.035691875038594,54.87578966709319,7.679287719088697,28,2.0,1,1.0,0.0,0.0,0.0,0.0,1.0,0.0,0.0,0.0,1.0,0.0
301,13.337095222279252,78.99904766389974,95.71579243708976,5.90272705452098,28,1.0,1,0.0,1.0,0.0,0.0,0.0,1.0,0.0,0.0,0.0,0.0,1.0
302,12.23652640390557,100.0,67.47434512430753,7.86411233147304,24,1.0,1,0.0,1.0,0.0,0.0,1.0,0.0,0.0,0.0,0.0,1.0,0.0
303,12.195006042519138,86.74553335436143,79.42687403068332,4.693463125191922,19,1.0,1,1.0,0.0,0.0,0.0,0.0,1.0,0.0,0.0,0.0,0.0,1.0
304,3.679668152320916,65.4721781774463,52.95119265969671,5.877985817344087,20,0.0,1,1.0,0.0,0.0,0.0,0.0,1.0,0.0,0.0,1.0,0.0,0.0
305,1.5776815773773158,63.62158403687882,78.81174835066923,4.0,21,2.0,0,1.0,0.0,0.0,1.0,0.0,0.0,1.0,0.0,0.0,0.0,0.0
306,6.375133971943426,67.17950631191628,81.82985311717788,9.356929746365369,27,0.0,1,1.0,0.0,0.0,0.0,1.0,0.0,1.0,0.0,0.0,0.0,0.0
307,10.345280624036016,95.11278663865968,73.41759399683143,7.016937037421695,23,1.0,1,0.0,1.0,0.0,0.0,0.0,1.0,0.0,0.0,0.0,0.0,1.0
308,6.584110965474311,77.2548695016815,94.0698600336233,4.110395270554028,18,1.0,1,1.0,0.0,0.0,0.0,1.0,0.0,0.0,0.0,1.0,0.0,0.0
309,10.521590485125826,58.77985817344087,81.40579351714163,8.087459808416972,26,2.0,1,1.0,0.0,0.0,0.0,1.0,0.0,0.0,0.0,0.0,0.0,1.0
310,9.905901792743483,78.3319325541547,57.96649619811695,7.02070110592484,22,0.0,1,1.0,0.0,0.0,1.0,0.0,0.0,1.0,0.0,0.0,0.0,0.0
311,12.85080453188458,51.03900445696275,60.56572447565166,5.801846643623208,29,1.0,1,1.0,0.0,0.0,0.0,1.0,0.0,0.0,0.0,0.0,0.0,1.0
312,16.67033068982313,60.82006309450608,42.49451204140578,8.799649007902731,24,1.0,1,0.0,1.0,1.0,0.0,0.0,0.0,0.0,0.0,0.0,1.0,0.0
313,6.488422928477039,88.15205896199966,78.2002082256889,6.775221046442127,26,1.0,1,1.0,0.0,0.0,0.0,0.0,1.0,0.0,1.0,0.0,0.0,0.0
314,3.8436007861014687,73.97925802240306,68.32951900904756,8.430239502521747,26,0.0,1,1.0,0.0,0.0,1.0,0.0,0.0,0.0,0.0,0.0,0.0,1.0
315,3.975322830564647,75.2022565180607,94.46897458186172,8.973936784177564,18,0.0,0,1.0,0.0,0.0,0.0,1.0,0.0,0.0,0.0,0.0,0.0,1.0
316,12.895197190696765,68.96415812789195,54.455065624186645,5.678667820619605,18,0.0,1,0.0,1.0,0.0,0.0,1.0,0.0,1.0,0.0,0.0,0.0,0.0
317,6.86401821199939,70.62118902070965,57.30814715238332,7.02070110592484,20,1.0,0,0.0,1.0,0.0,1.0,0.0,0.0,0.0,0.0,0.0,0.0,1.0
318,8.385340037366955,66.13757737400276,100.0,10.0,23,0.0,1,0.0,1.0,0.0,0.0,0.0,1.0,1.0,0.0,0.0,0.0,0.0
319,9.263421766150708,82.50671498687664,100.0,5.917429335673875,19,1.0,1,1.0,0.0,0.0,0.0,1.0,0.0,0.0,0.0,0.0,1.0,0.0
320,10.711222476716491,80.43861905318438,58.32438001749779,7.02070110592484,27,0.0,1,0.0,1.0,0.0,0.0,1.0,0.0,0.0,0.0,1.0,0.0,0.0
321,11.09386534305792,78.95403012107312,100.0,6.5747171117550565,29,2.0,1,0.0,1.0,0.0,0.0,1.0,0.0,1.0,0.0,0.0,0.0,0.0
322,7.914988166961122,72.6291764288953,96.8654453997572,7.02070110592484,28,2.0,1,0.0,1.0,0.0,0.0,0.0,1.0,0.0,0.0,0.0,0.0,1.0
323,1.0,37.04659221710914,24.76417500538443,5.722487214858772,18,1.0,0,1.0,0.0,0.0,0.0,1.0,0.0,0.0,0.0,1.0,0.0,0.0
324,8.995909700537938,78.06970577224574,91.25308158299394,8.791942661014877,18,1.0,0,0.0,1.0,0.0,0.0,0.0,1.0,0.0,0.0,0.0,0.0,1.0
325,4.884983719648823,59.36872215220706,86.28533599517051,6.729434972633538,22,0.0,1,1.0,0.0,1.0,0.0,0.0,0.0,0.0,0.0,1.0,0.0,0.0
326,9.629563627693072,51.61085876645511,65.21386730688323,8.203338524567322,21,0.0,1,0.0,1.0,0.0,0.0,1.0,0.0,0.0,0.0,0.0,0.0,1.0
327,11.747415030173492,51.36909141304748,97.23404155077289,8.372017961907858,18,0.0,1,1.0,0.0,0.0,0.0,1.0,0.0,1.0,0.0,0.0,0.0,0.0
328,9.981181424980525,64.99713925678567,69.59029041945558,5.103900445696275,21,1.0,1,1.0,0.0,0.0,0.0,0.0,1.0,0.0,1.0,0.0,0.0,0.0
329,13.151269124435537,59.27173306487476,94.63080782092548,6.6370554528503085,20,1.0,1,1.0,0.0,0.0,0.0,0.0,1.0,0.0,0.0,0.0,1.0,0.0
330,7.707871607076176,68.39738111639478,68.91036148814065,6.240478513958381,19,2.0,1,0.0,1.0,0.0,0.0,1.0,0.0,0.0,0.0,0.0,0.0,1.0
331,9.136344919271462,85.99455852722998,96.50413016376878,6.40719471508852,26,1.0,1,1.0,0.0,0.0,0.0,0.0,1.0,1.0,0.0,0.0,0.0,0.0
332,9.893353574280823,62.01715403621044,23.49033351982797,7.02070110592484,28,1.0,1,1.0,0.0,0.0,0.0,1.0,0.0,0.0,0.0,0.0,0.0,1.0
333,12.7044123922198,61.88676282334059,73.46792910498708,8.566613192308894,18,1.0,1,0.0,1.0,0.0,0.0,1.0,0.0,0.0,0.0,1.0,0.0,0.0
334,12.74808145534852,84.00864911891581,69.38178300707912,7.617301685360966,24,1.0,1,1.0,0.0,0.0,1.0,0.0,0.0,0.0,0.0,0.0,1.0,0.0
335,10.496368743619843,65.98174348623925,100.0,4.998900793053061,21,0.0,1,0.0,1.0,1.0,0.0,0.0,0.0,1.0,0.0,0.0,0.0,0.0
336,8.424941383286866,59.84718777936393,56.08767466513362,7.088498408959214,22,1.0,1,0.0,1.0,0.0,0.0,1.0,0.0,1.0,0.0,0.0,0.0,0.0
337,4.71257492808577,52.08057338985122,66.93288913887687,7.092268954828747,27,1.0,1,1.0,0.0,0.0,0.0,1.0,0.0,0.0,0.0,0.0,1.0,0.0
338,3.5376755345150563,76.79287719088697,77.59164627344273,7.145128794325577,22,1.0,1,1.0,0.0,0.0,0.0,1.0,0.0,1.0,0.0,0.0,0.0,0.0
339,4.226926549186709,40.60696024243703,49.265961289153054,7.855241359565374,18,2.0,1,1.0,0.0,0.0,0.0,1.0,0.0,1.0,0.0,0.0,0.0,0.0
340,10.622616830415335,56.78667820619605,85.06994780783751,5.998871433316225,23,1.0,1,0.0,1.0,0.0,1.0,0.0,0.0,1.0,0.0,0.0,0.0,0.0
341,5.971539627090493,74.72517585013941,100.0,5.673111036428749,26,0.0,1,1.0,0.0,0.0,0.0,0.0,1.0,0.0,0.0,1.0,0.0,0.0
342,10.06900346915896,46.430702536346345,30.483535951144265,7.343596684353977,19,1.0,1,0.0,1.0,0.0,0.0,1.0,0.0,0.0,0.0,0.0,0.0,1.0
343,10.749263178526244,63.99047124289255,80.14989683466298,6.435575884323065,24,1.0,1,1.0,0.0,0.0,1.0,0.0,0.0,0.0,1.0,0.0,0.0,0.0
344,5.813308195741157,56.27982038092142,82.95835838734523,6.907731045171253,23,0.0,1,1.0,0.0,0.0,1.0,0.0,0.0,1.0,0.0,0.0,0.0,0.0
345,7.996823747630851,57.43992458722347,80.72269871509836,7.024465174427986,22,1.0,0,1.0,0.0,0.0,0.0,1.0,0.0,0.0,0.0,0.0,0.0,1.0
346,11.680889371170956,76.66800784534699,77.13682517814027,7.4843979887899135,21,2.0,1,1.0,0.0,0.0,0.0,1.0,0.0,0.0,0.0,1.0,0.0,0.0
347,21.826238233407608,80.58294972756087,84.00160290273246,9.344082230833504,21,2.0,1,0.0,1.0,0.0,1.0,0.0,0.0,0.0,0.0,0.0,0.0,1.0
348,10.546825505808856,58.17317038018787,81.03709576340495,7.186785049124601,23,0.0,1,1.0,0.0,0.0,0.0,1.0,0.0,0.0,0.0,0.0,0.0,1.0
349,11.20981515716564,69.15271577799773,78.96516939959795,5.459129921813998,21,2.0,1,1.0,0.0,0.0,0.0,1.0,0.0,1.0,0.0,0.0,0.0,0.0
350,19.713515062396823,100.0,84.44813081429254,7.130010457827676,22,1.0,1,0.0,1.0,0.0,0.0,0.0,1.0,0.0,0.0,0.0,1.0,0.0
351,8.118586281076881,41.10395270554027,83.83531684220327,6.333199215465301,23,1.0,1,1.0,0.0,0.0,0.0,1.0,0.0,0.0,0.0,0.0,1.0,0.0
352,1.0,67.71414115738799,49.94024749199615,5.465495115894647,22,1.0,1,1.0,0.0,0.0,0.0,0.0,1.0,0.0,0.0,0.0,1.0,0.0
353,16.26493812700096,82.29483546057702,75.92871449541055,7.02070110592484,24,2.0,1,0.0,1.0,0.0,1.0,0.0,0.0,0.0,0.0,0.0,1.0,0.0
354,11.339418837920247,68.24588687735894,59.43550187890288,4.830844610622737,26,1.0,1,1.0,0.0,0.0,0.0,0.0,1.0,0.0,0.0,0.0,0.0,1.0
355,12.718945673179446,86.88664301095024,87.4828948440993,8.383495327625285,27,1.0,1,1.0,0.0,0.0,0.0,0.0,1.0,0.0,0.0,0.0,0.0,1.0
356,19.47629647393105,78.15683701953833,68.8051493692294,7.987064477483433,24,1.0,1,0.0,1.0,0.0,0.0,0.0,1.0,0.0,0.0,1.0,0.0,0.0
357,19.552997990795888,84.96879488460701,81.77668137335856,8.112081405761703,24,1.0,1,0.0,1.0,0.0,0.0,1.0,0.0,0.0,0.0,0.0,0.0,1.0
358,19.18987578695732,85.15572987463159,95.97495225452865,7.448844598685775,21,0.0,1,0.0,1.0,0.0,0.0,1.0,0.0,1.0,0.0,0.0,0.0,0.0
359,15.58184445145381,67.52356852871105,75.42658570287671,7.895403012107311,18,2.0,1,0.0,1.0,0.0,0.0,0.0,1.0,1.0,0.0,0.0,0.0,0.0
360,1.0,59.51337868325159,33.933287915191734,6.566875148264454,25,1.0,1,1.0,0.0,0.0,0.0,1.0,0.0,0.0,0.0,0.0,0.0,1.0
361,14.168904995625432,100.0,93.44660436833712,7.005645572505842,21,1.0,1,0.0,1.0,0.0,1.0,0.0,0.0,0.0,0.0,0.0,1.0,0.0
362,10.21962012270132,67.94234500982425,100.0,6.41126194614252,18,0.0,1,1.0,0.0,0.0,1.0,0.0,0.0,1.0,0.0,0.0,0.0,0.0
363,10.9657158340662,77.63803065796301,76.73347277103568,7.02070110592484,22,1.0,1,0.0,1.0,0.0,0.0,1.0,0.0,0.0,1.0,0.0,0.0,0.0
364,10.244738589908016,78.59673087110762,69.12028438322099,7.02070110592484,25,0.0,1,1.0,0.0,0.0,1.0,0.0,0.0,0.0,0.0,0.0,1.0,0.0
365,4.756261936367844,65.90366466020888,96.14970028765693,7.922536754807604,21,0.0,1,1.0,0.0,0.0,1.0,0.0,0.0,1.0,0.0,0.0,0.0,0.0
366,5.132756354534563,59.22307005619965,81.98966012069397,6.122524185971613,29,1.0,0,1.0,0.0,0.0,0.0,1.0,0.0,0.0,0.0,0.0,0.0,1.0
367,7.193364529810037,64.5572455372971,75.12545769337147,8.49069977149722,25,1.0,1,1.0,0.0,0.0,0.0,0.0,1.0,1.0,0.0,0.0,0.0,0.0
368,10.55944820120794,68.62432120772085,72.50953267833866,9.842888942179314,25,1.0,1,1.0,0.0,0.0,0.0,1.0,0.0,0.0,0.0,1.0,0.0,0.0
369,18.93077780630538,74.48844598685776,72.45895133157748,7.02070110592484,20,0.0,1,0.0,1.0,0.0,0.0,0.0,1.0,0.0,0.0,1.0,0.0,0.0
370,19.40176222701912,71.79201405142699,62.08738501448036,5.120518561899711,26,1.0,1,0.0,1.0,0.0,1.0,0.0,0.0,0.0,0.0,1.0,0.0,0.0
371,14.80714671511618,77.12820610092737,75.32620232570649,7.02070110592484,20,0.0,1,0.0,1.0,0.0,0.0,0.0,1.0,0.0,0.0,1.0,0.0,0.0
372,9.02149910849398,92.94337279213204,80.30567736320407,7.02070110592484,18,2.0,1,1.0,0.0,0.0,0.0,0.0,1.0,0.0,0.0,0.0,0.0,1.0
373,12.574616583793452,100.0,100.0,7.02070110592484,19,1.0,1,1.0,0.0,0.0,0.0,0.0,1.0,0.0,0.0,0.0,1.0,0.0
374,18.370928879553222,77.38205234212572,87.23991587399189,7.691821906855884,23,1.0,1,0.0,1.0,0.0,0.0,0.0,1.0,0.0,0.0,0.0,1.0,0.0
375,1.0,68.47306601357943,51.107431186468304,7.320454178246745,29,1.0,0,1.0,0.0,0.0,0.0,1.0,0.0,0.0,0.0,0.0,0.0,1.0
376,8.647572604863894,66.21533722102515,36.47193694072036,7.02070110592484,27,0.0,1,0.0,1.0,1.0,0.0,0.0,0.0,0.0,0.0,0.0,0.0,1.0
377,6.662904777720758,71.03584187210805,78.35279070026195,7.881945777250283,19,2.0,1,1.0,0.0,0.0,0.0,0.0,1.0,0.0,0.0,0.0,1.0,0.0
378,8.39855162071459,64.47677069920262,60.43519289398524,6.813214950875399,23,0.0,1,1.0,0.0,0.0,0.0,0.0,1.0,0.0,0.0,0.0,1.0,0.0
379,8.699552874137268,69.30346412844209,100.0,6.975534825572014,18,1.0,1,1.0,0.0,0.0,0.0,0.0,1.0,0.0,0.0,0.0,1.0,0.0
380,5.271918666283405,58.978028451754,88.85429793858012,6.759984383073332,28,1.0,1,1.0,0.0,0.0,0.0,1.0,0.0,0.0,0.0,0.0,1.0,0.0
381,7.33905134540348,74.60666749286032,52.38965140429091,9.39654763313714,18,0.0,1,1.0,0.0,0.0,0.0,1.0,0.0,1.0,0.0,0.0,0.0,0.0
382,1.417924261837614,44.73304473213194,59.7729465107139,4.0,22,2.0,1,1.0,0.0,0.0,1.0,0.0,0.0,1.0,0.0,0.0,0.0,0.0
383,11.53555583095344,75.80616524536781,71.18825164933077,8.515572987463159,27,1.0,1,0.0,1.0,0.0,0.0,1.0,0.0,1.0,0.0,0.0,0.0,0.0
384,24.38923059463593,94.96122606271514,79.83926062866256,7.02070110592484,28,0.0,1,0.0,1.0,1.0,0.0,0.0,0.0,0.0,0.0,0.0,0.0,1.0
385,17.607625286962733,70.58352159090622,93.83399643477384,10.0,26,0.0,1,0.0,1.0,0.0,1.0,0.0,0.0,0.0,0.0,1.0,0.0,0.0
386,20.598341150068222,90.57485838358964,81.14222332381377,6.7026122950301525,25,0.0,1,0.0,1.0,0.0,1.0,0.0,0.0,1.0,0.0,0.0,0.0,0.0
387,17.12505270394773,77.80992241858773,100.0,6.971770537823044,20,2.0,1,0.0,1.0,0.0,0.0,0.0,1.0,1.0,0.0,0.0,0.0,0.0
388,8.530071095805246,71.0735720976643,75.82825202761286,7.282049368808371,20,1.0,1,0.0,1.0,1.0,0.0,0.0,0.0,1.0,0.0,0.0,0.0,0.0
389,13.559905526223623,63.74496450088337,81.45863985053218,7.02070110592484,18,0.0,1,1.0,0.0,0.0,1.0,0.0,0.0,1.0,0.0,0.0,0.0,0.0
390,17.159854455176827,97.36833903705624,72.05368706460283,6.109090691666133,20,0.0,1,0.0,1.0,0.0,0.0,1.0,0.0,0.0,0.0,0.0,0.0,1.0
391,1.0,43.57077950738734,100.0,8.612809762282659,29,1.0,0,1.0,0.0,0.0,0.0,0.0,1.0,0.0,0.0,0.0,0.0,1.0
392,11.72076829473536,66.37055452850308,86.58078876278705,6.3867923209443145,29,1.0,1,0.0,1.0,0.0,0.0,0.0,1.0,0.0,0.0,0.0,0.0,1.0
393,11.58824796755547,72.85881126300193,71.85061079730771,7.224778953557873,29,1.0,1,0.0,1.0,0.0,0.0,0.0,1.0,0.0,1.0,0.0,0.0,0.0
394,4.533638650060702,58.47887030243528,87.85086488710628,10.0,28,1.0,1,1.0,0.0,0.0,1.0,0.0,0.0,0.0,0.0,0.0,1.0,0.0
395,10.131744956959048,84.78415625300879,88.09860967378242,5.346339449477253,18,0.0,1,1.0,0.0,0.0,0.0,0.0,1.0,0.0,0.0,0.0,0.0,1.0
396,16.956010276812044,72.47643147128895,83.55951794105032,9.452120451869972,25,1.0,1,0.0,1.0,0.0,1.0,0.0,0.0,0.0,0.0,0.0,0.0,1.0
397,7.411048627388164,72.51459302519646,72.56009810060804,5.711635594074464,18,2.0,1,1.0,0.0,0.0,0.0,0.0,1.0,0.0,1.0,0.0,0.0,0.0
398,7.310098075918086,55.99135088108418,86.75927703000377,5.353232824437252,22,0.0,1,1.0,0.0,0.0,1.0,0.0,0.0,1.0,0.0,0.0,0.0,0.0
399,5.741624049529237,57.27888019677803,48.44036791756256,6.820798594857302,26,1.0,1,1.0,0.0,0.0,0.0,0.0,1.0,0.0,0.0,0.0,0.0,1.0
400,9.85570457197804,76.58501812755742,65.60793881635169,7.621400295301383,24,1.0,1,1.0,0.0,0.0,1.0,0.0,0.0,0.0,0.0,1.0,0.0,0.0
401,13.447644519951917,62.70279459369032,62.76008412600811,7.065886036810396,21,1.0,1,1.0,0.0,1.0,0.0,0.0,0.0,0.0,0.0,1.0,0.0,0.0
402,16.763113821098443,98.42888942179316,78.45462032291415,8.91295371190323,28,0.0,1,0.0,1.0,0.0,0.0,1.0,0.0,0.0,0.0,0.0,0.0,1.0
403,12.99968255463325,62.57543562300345,47.566855488546935,7.977736471369237,26,2.0,1,0.0,1.0,0.0,1.0,0.0,0.0,0.0,0.0,0.0,0.0,1.0
404,1.0,77.98284596378957,86.52149775297386,6.201715403621044,26,1.0,1,1.0,0.0,0.0,0.0,0.0,1.0,0.0,0.0,0.0,1.0,0.0
405,8.01041040316369,68.32165539637622,87.91261498551962,4.0859454812809535,19,1.0,1,1.0,0.0,0.0,1.0,0.0,0.0,0.0,0.0,1.0,0.0,0.0
406,8.132045523173264,56.842065304264594,79.58128912471969,7.02070110592484,27,1.0,1,1.0,0.0,0.0,0.0,0.0,1.0,0.0,0.0,1.0,0.0,0.0
407,1.0,33.87174444373627,33.06958835144744,5.717069797529355,27,0.0,0,1.0,0.0,0.0,0.0,0.0,1.0,0.0,0.0,0.0,0.0,1.0
408,12.139879485262576,74.44910105645162,74.42281828791216,7.940794536400183,28,0.0,1,1.0,0.0,0.0,0.0,0.0,1.0,1.0,0.0,0.0,0.0,0.0
409,5.291500891306536,61.04596987892688,60.36969406027978,7.02070110592484,29,1.0,0,1.0,0.0,0.0,0.0,0.0,1.0,1.0,0.0,0.0,0.0,0.0
410,4.418155548546187,59.94163839065713,55.12400304670373,7.02070110592484,23,0.0,1,1.0,0.0,0.0,0.0,1.0,0.0,0.0,0.0,0.0,0.0,1.0
411,12.044025596852286,77.55246085587812,100.0,7.613207679055685,21,1.0,1,0.0,1.0,0.0,0.0,0.0,1.0,1.0,0.0,0.0,0.0,0.0
412,6.226678652634485,62.19007758141227,71.69809137161474,6.648671209128071,25,1.0,1,1.0,0.0,0.0,0.0,0.0,1.0,1.0,0.0,0.0,0.0,0.0
413,14.535401221381496,61.84316298046167,92.76618689675576,10.0,29,1.0,1,0.0,1.0,0.0,0.0,0.0,1.0,0.0,0.0,0.0,0.0,1.0
414,6.309555762977359,57.599534052425525,61.77676251420525,4.952113943172902,28,1.0,1,1.0,0.0,0.0,0.0,1.0,0.0,0.0,0.0,1.0,0.0,0.0
415,8.45128734230735,75.9280528491148,94.95839317947602,5.932028342132912,24,1.0,1,1.0,0.0,0.0,0.0,1.0,0.0,0.0,0.0,1.0,0.0,0.0
416,8.145491243554515,91.3751581118432,38.77085102239184,6.51163515132341,24,0.0,1,1.0,0.0,0.0,0.0,0.0,1.0,0.0,0.0,0.0,0.0,1.0
417,16.210302862317505,90.6717063843152,86.9387068280975,8.152112969756473,28,1.0,1,1.0,0.0,0.0,0.0,1.0,0.0,0.0,0.0,1.0,0.0,0.0
418,7.818800368947635,80.24766710357707,76.53207089501294,6.236196934203699,27,1.0,1,1.0,0.0,1.0,0.0,0.0,0.0,0.0,0.0,0.0,0.0,1.0
419,11.66762024773811,87.46665558956472,51.71112588058037,6.358036154421226,26,1.0,1,1.0,0.0,0.0,0.0,1.0,0.0,0.0,0.0,1.0,0.0,0.0
420,9.08536217997041,50.69947096686479,62.33365609510917,7.02070110592484,22,0.0,1,1.0,0.0,0.0,0.0,1.0,0.0,0.0,0.0,0.0,0.0,1.0
421,2.186392563888317,54.203406040185534,68.22331862664144,7.417452531348693,23,1.0,1,1.0,0.0,0.0,1.0,0.0,0.0,0.0,0.0,0.0,0.0,1.0
422,11.614659962633043,86.95776144678182,77.84488990686597,7.347461583546966,18,0.0,1,1.0,0.0,0.0,0.0,1.0,0.0,1.0,0.0,0.0,0.0,0.0
423,8.725490047202637,99.39303975756296,54.36982479564712,7.793951641463011,23,0.0,1,0.0,1.0,0.0,0.0,0.0,1.0,1.0,0.0,0.0,0.0,0.0
424,1.0,46.03452366862864,46.219973698121,5.128741780236988,19,0.0,1,1.0,0.0,0.0,0.0,0.0,1.0,0.0,1.0,0.0,0.0,0.0
425,7.567598197896773,57.65242583592117,93.7559553606062,8.082570664326125,23,2.0,1,1.0,0.0,0.0,0.0,0.0,1.0,0.0,0.0,0.0,0.0,1.0
426,7.525145207667817,59.46526878543112,82.52565487569267,6.507664872976895,26,0.0,1,1.0,0.0,0.0,0.0,1.0,0.0,0.0,0.0,0.0,0.0,1.0
427,4.6239674590578055,86.46767175562748,99.412806976947,6.539333250713968,25,0.0,1,1.0,0.0,0.0,1.0,0.0,0.0,1.0,0.0,0.0,0.0,0.0
428,9.0342841659338,65.82547468651308,76.33082426556284,6.694931550784975,26,0.0,1,1.0,0.0,0.0,1.0,0.0,0.0,1.0,0.0,0.0,0.0,0.0
429,1.2488919143830728,47.98209374500894,48.31867724070749,9.00109920694694,27,0.0,1,1.0,0.0,0.0,0.0,1.0,0.0,0.0,0.0,0.0,0.0,1.0
430,10.08155058142662,69.68006072284248,71.54537967708585,4.741379491431488,25,1.0,1,1.0,0.0,0.0,1.0,0.0,0.0,0.0,1.0,0.0,0.0,0.0
431,15.512201835075825,64.95733188648714,83.0127050094766,7.772384975138036,20,0.0,1,0.0,1.0,0.0,1.0,0.0,0.0,0.0,0.0,1.0,0.0,0.0
432,18.422318422622688,75.56352626933645,100.0,6.733259531520415,25,0.0,1,0.0,1.0,0.0,1.0,0.0,0.0,0.0,0.0,0.0,1.0,0.0
433,15.605300720615986,83.04769507020612,66.82389761259086,8.896099554303724,23,1.0,1,0.0,1.0,0.0,0.0,0.0,1.0,0.0,0.0,0.0,1.0,0.0
434,5.31101115984845,54.71832797450519,58.67700225954681,6.737082357110469,23,1.0,1,1.0,0.0,0.0,0.0,0.0,1.0,0.0,0.0,0.0,0.0,1.0
435,3.789697137682493,30.0,67.68937046054062,8.47231058656941,23,1.0,0,1.0,0.0,0.0,1.0,0.0,0.0,0.0,0.0,1.0,0.0,0.0
436,9.04706291233269,53.80465107163377,77.99705271410498,7.532233446570118,20,1.0,1,1.0,0.0,0.0,0.0,1.0,0.0,0.0,0.0,0.0,0.0,1.0
437,3.651678074096683,55.39826906360365,56.70642717456189,8.560134324701197,27,0.0,1,1.0,0.0,0.0,0.0,1.0,0.0,0.0,0.0,1.0,0.0,0.0
438,10.95293708766731,100.0,100.0,7.02070110592484,18,1.0,1,1.0,0.0,1.0,0.0,0.0,0.0,1.0,0.0,0.0,0.0,0.0
439,12.617685066711584,85.09315774968012,78.50556857186041,6.519565486214377,29,0.0,1,1.0,0.0,1.0,0.0,0.0,0.0,0.0,0.0,0.0,1.0,0.0
440,1.0,60.68351607948853,60.23822305190944,6.394966685415766,21,1.0,1,1.0,0.0,0.0,0.0,0.0,1.0,0.0,0.0,1.0,0.0,0.0
441,8.239243015105336,69.94354427494157,69.32956149006742,7.02070110592484,27,1.0,1,1.0,0.0,0.0,0.0,1.0,0.0,0.0,0.0,0.0,1.0,0.0
442,12.126138654373726,89.47406647407179,98.8925688135317,6.308178093144116,29,0.0,1,1.0,0.0,1.0,0.0,0.0,0.0,0.0,0.0,1.0,0.0,0.0
443,11.94891715569582,45.33447194854243,80.357675351681,7.425282888244943,23,1.0,1,1.0,0.0,0.0,1.0,0.0,0.0,0.0,0.0,0.0,1.0,0.0
444,8.078126171128135,74.76474390266641,90.83767618274864,7.785305520013475,28,2.0,1,0.0,1.0,0.0,0.0,1.0,0.0,0.0,0.0,1.0,0.0,0.0
445,5.669053739232513,76.46090948943187,40.22537904181626,4.71771241391118,29,2.0,1,1.0,0.0,0.0,0.0,0.0,1.0,1.0,0.0,0.0,0.0,0.0
446,15.77307345081329,66.67984447698751,51.90770619674684,6.590366466020888,27,1.0,1,0.0,1.0,0.0,0.0,0.0,1.0,0.0,0.0,0.0,0.0,1.0
447,9.314115003274752,66.56403315646024,51.51226950572634,6.934113963189604,19,1.0,1,1.0,0.0,0.0,0.0,1.0,0.0,0.0,0.0,0.0,0.0,1.0
448,6.756377894489636,89.38697339645483,99.73304483039811,5.610735513546081,24,0.0,1,0.0,1.0,1.0,0.0,0.0,0.0,0.0,0.0,0.0,0.0,1.0
449,12.64650547154337,70.6965358715579,55.206063294362366,8.681590216184796,24,0.0,1,0.0,1.0,1.0,0.0,0.0,0.0,1.0,0.0,0.0,0.0,0.0
450,12.01677771528078,70.43288628406587,47.94754471560622,5.452736859673534,28,1.0,1,1.0,0.0,0.0,0.0,1.0,0.0,1.0,0.0,0.0,0.0,0.0
451,5.848829212068391,92.70383397290578,51.61198670964615,5.7652425835921175,21,1.0,1,0.0,1.0,0.0,1.0,0.0,0.0,1.0,0.0,0.0,0.0,0.0
452,5.723565991764516,78.55241359565373,84.89941916932872,5.956138094681562,21,2.0,1,1.0,0.0,0.0,0.0,1.0,0.0,0.0,0.0,0.0,1.0,0.0
453,2.392374713037268,59.609276546064905,69.01540535085633,8.991972406182807,18,1.0,1,1.0,0.0,0.0,0.0,0.0,1.0,0.0,0.0,0.0,1.0,0.0
454,7.637967296426867,62.87179389907263,60.03981089792117,7.729720540630968,19,1.0,1,0.0,1.0,0.0,0.0,1.0,0.0,0.0,0.0,0.0,0.0,1.0
455,18.69365523954594,77.0860981107194,68.85777667618623,6.621533722102515,26,1.0,1,0.0,1.0,0.0,0.0,1.0,0.0,0.0,0.0,0.0,0.0,1.0
456,11.522409627964835,98.8960472944597,100.0,8.250671498687664,27,2.0,1,1.0,0.0,0.0,0.0,1.0,0.0,1.0,0.0,0.0,0.0,0.0
457,10.901883424554876,74.37050263808752,61.83914030022089,5.786247738460663,25,1.0,0,1.0,0.0,0.0,0.0,1.0,0.0,0.0,0.0,0.0,0.0,1.0
458,1.0,57.75775169466011,51.20955568509272,7.02070110592484,25,1.0,0,1.0,0.0,0.0,0.0,0.0,1.0,0.0,0.0,1.0,0.0,0.0
459,4.177781470145091,55.75679094833146,91.3229977404532,5.857970988303542,26,1.0,1,1.0,0.0,1.0,0.0,0.0,0.0,1.0,0.0,0.0,0.0,0.0
460,9.84315319170396,57.86247738460663,62.88089725978514,8.067971657867087,24,2.0,0,1.0,0.0,0.0,0.0,0.0,1.0,1.0,0.0,0.0,0.0,0.0
461,1.3063447604540652,30.0,39.27688877477846,7.02070110592484,26,0.0,0,1.0,0.0,0.0,0.0,1.0,0.0,0.0,0.0,0.0,1.0,0.0
462,14.13348864919151,72.43828593928937,79.63282111395955,4.5038773937284855,27,2.0,1,0.0,1.0,1.0,0.0,0.0,0.0,0.0,0.0,1.0,0.0,0.0
463,7.237315648255126,69.4541421596019,54.62443729934026,5.9076394670488925,29,1.0,1,1.0,0.0,0.0,1.0,0.0,0.0,0.0,0.0,0.0,0.0,1.0
464,11.11957898982558,49.4251416164102,82.09644595426825,5.66194246151071,19,1.0,1,0.0,1.0,0.0,0.0,1.0,0.0,0.0,0.0,1.0,0.0,0.0
465,10.043910469137971,54.84427012536842,67.58196497421805,8.412549732608039,23,1.0,1,0.0,1.0,0.0,0.0,1.0,0.0,1.0,0.0,0.0,0.0,0.0
466,14.55436434517675,77.76685411783532,53.93787472024738,7.02070110592484,20,1.0,1,0.0,1.0,0.0,0.0,1.0,0.0,0.0,0.0,0.0,0.0,1.0
467,6.8792762889751735,63.03989316157973,66.76931086185377,6.077463245192392,28,0.0,1,1.0,0.0,1.0,0.0,0.0,0.0,0.0,0.0,0.0,0.0,1.0
468,1.873628010351444,64.0719471508852,68.69976553314747,6.050024207133188,23,2.0,1,1.0,0.0,0.0,0.0,0.0,1.0,1.0,0.0,0.0,0.0,0.0
469,7.496743960031735,48.52043663447102,53.49586983623122,7.452782182255371,20,1.0,1,0.0,1.0,0.0,1.0,0.0,0.0,0.0,0.0,0.0,0.0,1.0
470,5.031000761675929,75.0825110300189,67.42045356927193,5.60494573041443,25,1.0,1,1.0,0.0,0.0,1.0,0.0,0.0,0.0,0.0,0.0,0.0,1.0
471,6.0918702732976175,84.7231058656941,67.52818209269306,7.335873696947674,28,0.0,1,1.0,0.0,1.0,0.0,0.0,0.0,0.0,0.0,1.0,0.0,0.0
472,16.183261207599532,67.25608653991118,68.7524791335433,7.02070110592484,21,1.0,1,1.0,0.0,0.0,0.0,1.0,0.0,0.0,0.0,1.0,0.0,0.0
473,7.14919546811542,64.03123120949108,27.69504706636957,7.6296114905053,29,1.0,0,0.0,1.0,0.0,0.0,1.0,0.0,0.0,0.0,0.0,0.0,1.0
474,12.836056949565585,68.77543664770943,83.78002417007656,7.696010683842028,27,1.0,1,1.0,0.0,0.0,0.0,1.0,0.0,0.0,0.0,0.0,0.0,1.0
475,6.276527761449374,56.393796335855455,35.80928032324937,7.02070110592484,23,1.0,1,1.0,0.0,0.0,0.0,1.0,0.0,0.0,0.0,1.0,0.0,0.0
476,12.390123446393051,80.77692994380268,93.217457380707,7.02070110592484,26,1.0,1,0.0,1.0,0.0,1.0,0.0,0.0,0.0,0.0,0.0,0.0,1.0
477,17.899841765205625,71.22456335229057,73.16576161029447,7.02070110592484,19,2.0,1,0.0,1.0,0.0,1.0,0.0,0.0,0.0,0.0,0.0,1.0,0.0
478,17.856432487884554,95.74622721448716,69.95378296136687,7.02070110592484,19,1.0,1,0.0,1.0,0.0,1.0,0.0,0.0,1.0,0.0,0.0,0.0,0.0
479,17.09059275311244,82.93815571622558,77.43990189939196,9.137515811184318,24,2.0,1,0.0,1.0,0.0,0.0,0.0,1.0,0.0,0.0,0.0,0.0,1.0
480,16.292538445233852,83.72017961907858,73.51825451077228,7.06965358715579,19,0.0,1,1.0,0.0,0.0,0.0,0.0,1.0,0.0,0.0,0.0,0.0,1.0
481,1.6795913124282862,43.20766658108384,79.067579322867,8.072826693512525,19,1.0,1,1.0,0.0,0.0,1.0,0.0,0.0,0.0,0.0,0.0,0.0,1.0
482,10.420776654452323,72.74391346008882,41.10154646663401,4.923057612568265,21,1.0,0,1.0,0.0,0.0,0.0,0.0,1.0,0.0,0.0,0.0,0.0,1.0
483,7.08995456842125,61.71194694476538,75.72781045386414,6.04080722126924,26,1.0,1,0.0,1.0,0.0,1.0,0.0,0.0,0.0,0.0,0.0,0.0,1.0
484,4.487798164924177,56.6194246151071,54.95887044325256,5.16108587664551,25,2.0,1,1.0,0.0,0.0,0.0,1.0,0.0,1.0,0.0,0.0,0.0,0.0
485,9.818047386533966,52.68077964756013,70.72727762337674,6.0315538760860266,19,0.0,1,0.0,1.0,0.0,0.0,0.0,1.0,0.0,0.0,0.0,0.0,1.0
486,7.266498038020111,64.51702784540545,70.21239674656495,8.266727616850945,25,0.0,1,0.0,1.0,0.0,0.0,0.0,1.0,1.0,0.0,0.0,0.0,0.0
487,6.159623434145092,76.09118235626038,89.04630828609184,7.039523487087712,21,2.0,1,1.0,0.0,0.0,0.0,0.0,1.0,1.0,0.0,0.0,0.0,0.0
488,6.940021031502027,42.22399364378007,33.511107825488445,7.02070110592484,19,0.0,1,1.0,0.0,0.0,0.0,1.0,0.0,0.0,0.0,0.0,0.0,1.0
489,7.060180742499056,73.74582109322301,62.82054624581481,6.479774348193931,28,1.0,1,1.0,0.0,0.0,1.0,0.0,0.0,0.0,0.0,0.0,0.0,1.0
490,13.02977568505371,87.61579787070525,83.17610238740914,8.534504884105353,27,1.0,1,0.0,1.0,0.0,0.0,0.0,1.0,0.0,0.0,0.0,0.0,1.0
491,5.11256720028967,48.30844610622738,66.10932287287066,7.1224563352290575,24,2.0,0,1.0,0.0,1.0,0.0,0.0,0.0,0.0,0.0,0.0,0.0,1.0
492,8.79018484283436,83.95054269585569,74.97490861929751,5.77577516946601,23,0.0,1,1.0,0.0,0.0,0.0,0.0,1.0,0.0,1.0,0.0,0.0,0.0
493,6.709785075055223,51.4502163772014,70.16073937133744,7.670957921171675,27,0.0,1,0.0,1.0,0.0,0.0,1.0,0.0,0.0,0.0,0.0,0.0,1.0
494,7.35349452845663,74.5672288838945,37.96532485837343,4.0,22,1.0,1,1.0,0.0,0.0,0.0,0.0,1.0,0.0,0.0,1.0,0.0,0.0
495,3.236886178901555,77.04404588773623,86.22654188075985,7.02070110592484,28,2.0,1,1.0,0.0,1.0,0.0,0.0,0.0,1.0,0.0,0.0,0.0,0.0
496,7.777330718217669,86.33083751110422,100.0,7.02070110592484,18,1.0,1,1.0,0.0,0.0,1.0,0.0,0.0,1.0,0.0,0.0,0.0,0.0
497,2.909407246887561,55.154547470771774,63.47850224702613,7.02070110592484,19,1.0,1,1.0,0.0,0.0,0.0,1.0,0.0,1.0,0.0,0.0,0.0,0.0
498,10.660565117806888,51.84794103800034,73.2161500798554,8.077692994380268,25,1.0,1,0.0,1.0,0.0,0.0,0.0,1.0,0.0,0.0,1.0,0.0,0.0
499,9.059835437305429,52.53334441043528,65.49572519876351,7.084728422200228,18,2.0,1,1.0,0.0,0.0,1.0,0.0,0.0,0.0,0.0,0.0,0.0,1.0
500,6.057723460062622,68.66211255989155,56.782542619293,5.62225343805233,20,2.0,1,1.0,0.0,0.0,0.0,0.0,1.0,0.0,0.0,0.0,0.0,1.0
501,8.477590372035165,95.26695526786806,88.16085969977911,4.0,19,2.0,1,1.0,0.0,0.0,0.0,0.0,1.0,1.0,0.0,0.0,0.0,0.0
502,6.924877483974642,68.17007357545603,75.27601387663583,7.02070110592484,22,0.0,1,1.0,0.0,0.0,1.0,0.0,0.0,0.0,0.0,0.0,0.0,1.0
503,10.914637820029608,65.78633725530933,32.60663539972712,7.366821273089695,21,0.0,0,0.0,1.0,0.0,0.0,1.0,0.0,0.0,1.0,0.0,0.0,0.0
504,12.20882921055081,76.83460470606819,69.642324648319,4.0,24,1.0,1,0.0,1.0,0.0,0.0,1.0,0.0,1.0,0.0,0.0,0.0,0.0
505,8.803099186641237,42.43037263912804,85.8176495688792,7.02070110592484,22,2.0,1,1.0,0.0,0.0,1.0,0.0,0.0,1.0,0.0,0.0,0.0,0.0
506,4.128067376431583,72.01966869777762,76.58240600316857,7.949975792866812,25,0.0,1,0.0,1.0,1.0,0.0,0.0,0.0,1.0,0.0,0.0,0.0,0.0
507,8.279231705264639,87.17343959822591,84.61678841333625,5.521584374699096,21,0.0,1,0.0,1.0,0.0,0.0,1.0,0.0,1.0,0.0,0.0,0.0,0.0
508,15.67642104592476,83.8926448645392,83.5045546174949,9.076942387431735,29,1.0,1,0.0,1.0,0.0,0.0,0.0,1.0,0.0,0.0,1.0,0.0,0.0
509,13.723472238550626,56.89727358077959,71.1371366637352,8.938697339645483,23,0.0,1,1.0,0.0,0.0,0.0,0.0,1.0,0.0,0.0,1.0,0.0,0.0
510,10.483762647751922,82.13752261539338,100.0,9.642922049261266,21,1.0,1,1.0,0.0,0.0,0.0,0.0,1.0,1.0,0.0,0.0,0.0,0.0
511,8.212521339733327,59.70475157757466,78.5565395797278,10.0,19,1.0,1,1.0,0.0,0.0,0.0,1.0,0.0,0.0,0.0,1.0,0.0,0.0
512,14.3859782319118,77.21259131000218,70.36717888604045,7.437050263808752,18,1.0,1,0.0,1.0,0.0,0.0,1.0,0.0,0.0,0.0,0.0,1.0,0.0
513,10.736578233849292,65.1163515132341,96.77445001480564,8.366309303553026,18,1.0,1,1.0,0.0,1.0,0.0,0.0,0.0,1.0,0.0,0.0,0.0,0.0
514,13.790021166595425,73.16604647373936,76.02920040193258,9.10679966076932,25,1.0,1,0.0,1.0,0.0,1.0,0.0,0.0,1.0,0.0,0.0,0.0,0.0
515,17.302655910066154,85.60134324701198,100.0,5.069947096686478,21,1.0,1,0.0,1.0,0.0,0.0,0.0,1.0,0.0,0.0,1.0,0.0,0.0
516,13.075122516025344,56.04945730414431,74.9247256999221,6.244753914412188,22,1.0,1,0.0,1.0,0.0,0.0,1.0,0.0,1.0,0.0,0.0,0.0,0.0
517,10.357857365888098,83.21332179380396,78.04781179014935,9.1799193612712,28,1.0,1,0.0,1.0,0.0,1.0,0.0,0.0,0.0,0.0,0.0,0.0,1.0
518,6.568250525858222,55.87450267391961,62.69950993589857,7.118680450237642,25,1.0,1,1.0,0.0,0.0,0.0,1.0,0.0,0.0,0.0,0.0,1.0,0.0
519,18.993312885083636,82.82930202470645,100.0,8.599455852722997,29,0.0,1,0.0,1.0,1.0,0.0,0.0,0.0,0.0,0.0,0.0,0.0,1.0
520,15.287425071914232,100.0,77.0359119818941,7.02070110592484,24,0.0,1,1.0,0.0,0.0,1.0,0.0,0.0,0.0,0.0,1.0,0.0,0.0
521,18.079727289239223,63.703885094947,49.38037204973443,8.553684432781731,25,0.0,1,0.0,1.0,0.0,0.0,1.0,0.0,0.0,0.0,1.0,0.0,0.0
522,8.091626731172187,62.66040048016242,67.63569426560349,8.454140061059263,25,0.0,0,1.0,0.0,0.0,0.0,0.0,1.0,0.0,0.0,0.0,1.0,0.0
523,10.232178623852636,60.26913368346891,74.02104564036793,7.675120217704934,23,1.0,0,0.0,1.0,0.0,0.0,1.0,0.0,0.0,0.0,0.0,0.0,1.0
524,11.068180594155816,49.61630572281162,72.35773952877244,7.02070110592484,27,2.0,1,1.0,0.0,0.0,0.0,0.0,1.0,1.0,0.0,0.0,0.0,0.0
525,11.627882828921967,85.34504884105353,89.43427552434834,5.230897373548777,19,1.0,1,1.0,0.0,0.0,0.0,0.0,1.0,1.0,0.0,0.0,0.0,0.0
526,12.560302925751756,67.8283059152296,76.4817454892277,6.131440842790971,23,1.0,1,0.0,1.0,0.0,0.0,1.0,0.0,0.0,0.0,0.0,0.0,1.0
527,3.1094312052282724,69.71770537823046,73.3168933821907,6.068351607948852,18,1.0,1,1.0,0.0,0.0,0.0,1.0,0.0,0.0,0.0,0.0,0.0,1.0
528,1.190259835795782,52.15716676381954,37.68295818572994,6.847306601357943,18,1.0,1,1.0,0.0,0.0,1.0,0.0,0.0,1.0,0.0,0.0,0.0,0.0
529,16.890568794771728,79.27088297385208,62.27226959260285,8.198153356376773,28,1.0,1,1.0,0.0,0.0,0.0,0.0,1.0,1.0,0.0,0.0,0.0,0.0
530,14.240373267740656,71.56477145537748,92.10573603294192,7.02070110592484,20,0.0,1,0.0,1.0,1.0,0.0,0.0,0.0,0.0,0.0,0.0,0.0,1.0
531,5.426606793640473,59.32028342132912,84.28014245122704,7.91345903156389,20,0.0,1,1.0,0.0,1.0,0.0,0.0,0.0,1.0,0.0,0.0,0.0,0.0
532,12.00317625236915,93.31404410026872,97.0488073403033,8.528167202549481,28,1.0,1,1.0,0.0,0.0,0.0,0.0,1.0,0.0,0.0,1.0,0.0,0.0
533,20.1655187590571,81.98153356376791,70.00557187570266,6.52748241498606,22,2.0,1,0.0,1.0,0.0,0.0,0.0,1.0,0.0,0.0,1.0,0.0,0.0
534,9.767821376147364,82.56007541277653,80.98459464914367,6.324879782295066,18,0.0,1,1.0,0.0,0.0,0.0,0.0,1.0,0.0,0.0,0.0,1.0,0.0
535,20.48260291213814,90.47886056827146,69.53821954694517,7.56038634304802,27,0.0,1,0.0,1.0,0.0,1.0,0.0,0.0,1.0,0.0,0.0,0.0,0.0
536,9.491022004526476,54.46315567218269,65.8314864283047,7.205765499017574,23,1.0,0,0.0,1.0,0.0,1.0,0.0,0.0,0.0,0.0,0.0,1.0,0.0
537,14.186691804258842,60.17604274466319,50.48114502194014,6.551155401314224,24,0.0,1,0.0,1.0,0.0,1.0,0.0,0.0,0.0,0.0,0.0,1.0,0.0
538,14.011128415224404,83.38057538489291,85.75960769632766,7.633724158678159,27,2.0,1,0.0,1.0,0.0,0.0,0.0,1.0,0.0,0.0,0.0,0.0,1.0
539,11.274509952797365,50.26063215822437,38.50888128392504,5.387190237717341,29,1.0,0,1.0,0.0,0.0,0.0,1.0,0.0,0.0,0.0,0.0,0.0,1.0
540,8.037539820475066,59.17429335673875,100.0,4.705662720786794,28,2.0,0,0.0,1.0,0.0,1.0,0.0,0.0,1.0,0.0,0.0,0.0,0.0
541,8.345637141367899,64.75775490947952,63.359818273685,6.3497770508323175,20,1.0,1,1.0,0.0,0.0,0.0,1.0,0.0,1.0,0.0,0.0,0.0,0.0
542,11.800858619770793,96.79233341891614,81.2475208664567,5.0525933525928215,21,1.0,1,0.0,1.0,0.0,0.0,1.0,0.0,1.0,0.0,0.0,0.0,0.0
543,15.871932623568416,100.0,100.0,7.02070110592484,27,1.0,1,0.0,1.0,0.0,0.0,1.0,0.0,1.0,0.0,0.0,0.0,0.0
544,10.194507196968738,34.521285299777176,47.30743483424352,7.228585884261201,28,1.0,0,1.0,0.0,0.0,0.0,1.0,0.0,0.0,0.0,1.0,0.0,0.0
545,6.176451631068065,78.90909308333866,90.02665406078549,5.304223855321818,27,1.0,1,1.0,0.0,0.0,0.0,1.0,0.0,1.0,0.0,0.0,0.0,0.0
546,7.693926977147054,70.96040083806797,63.65577220173767,4.060696024243702,29,0.0,1,1.0,0.0,0.0,1.0,0.0,0.0,0.0,0.0,0.0,0.0,1.0
547,15.072855615114424,62.7451304983185,94.79393670563763,7.440978671258426,27,1.0,1,0.0,1.0,0.0,0.0,0.0,1.0,0.0,1.0,0.0,0.0,0.0
548,5.07194791566365,54.90684225031989,68.59420648285837,6.175575563395444,27,1.0,1,1.0,0.0,0.0,0.0,1.0,0.0,0.0,0.0,0.0,0.0,1.0
549,13.57608897837508,69.07731045171252,59.83991533361831,7.028229462176956,27,2.0,1,1.0,0.0,0.0,0.0,0.0,1.0,0.0,0.0,0.0,1.0,0.0
550,4.9061093248350645,52.23329771640931,43.4006329391775,4.263166096294377,20,1.0,0,1.0,0.0,0.0,0.0,1.0,0.0,0.0,0.0,0.0,0.0,1.0
551,12.517486951959375,86.60589027881117,62.21076295025654,7.047054042488812,18,1.0,1,1.0,0.0,0.0,1.0,0.0,0.0,0.0,0.0,0.0,1.0,0.0
552,4.690579325614641,69.41647840909378,81.67048099095244,7.552322930079739,25,0.0,1,1.0,0.0,0.0,0.0,1.0,0.0,0.0,0.0,0.0,0.0,1.0
553,4.734468680061845,65.86458371926066,70.47021246785016,6.531435935015748,27,1.0,1,1.0,0.0,0.0,0.0,0.0,1.0,0.0,0.0,0.0,0.0,1.0
554,6.985284530758796,85.40870078186,68.27644251531618,8.208538111872851,27,1.0,1,1.0,0.0,1.0,0.0,0.0,0.0,0.0,0.0,0.0,0.0,1.0
555,12.167409830558944,74.68564064984253,74.72398612336417,7.444910105645163,19,2.0,1,1.0,0.0,0.0,0.0,0.0,1.0,0.0,0.0,1.0,0.0,0.0
556,5.502330697039066,68.05626529491795,42.68109084304309,7.931648392051148,18,2.0,1,0.0,1.0,0.0,0.0,1.0,0.0,0.0,0.0,0.0,1.0,0.0
557,12.632084337855622,77.29720540630971,57.60307323972516,8.646767175562749,25,0.0,1,1.0,0.0,0.0,0.0,1.0,0.0,1.0,0.0,0.0,0.0,0.0
558,6.342423515069933,71.48910623085953,59.09356712090645,7.625503549911663,24,2.0,1,1.0,0.0,0.0,0.0,0.0,1.0,0.0,0.0,0.0,1.0,0.0
559,16.731928222224344,83.43669728325384,53.22554998519437,6.968006072284247,24,0.0,1,0.0,1.0,0.0,0.0,1.0,0.0,1.0,0.0,0.0,0.0,0.0
560,8.764331830709382,81.22014182655913,65.71985754877296,4.0,21,1.0,1,1.0,0.0,0.0,0.0,0.0,1.0,1.0,0.0,0.0,0.0,0.0
561,18.809740164204214,79.5919277873076,84.22429209141161,7.02070110592484,28,1.0,1,0.0,1.0,0.0,1.0,0.0,0.0,0.0,0.0,1.0,0.0,0.0
562,9.478409514874174,78.77475814028388,100.0,7.328159602917377,26,0.0,1,1.0,0.0,0.0,1.0,0.0,0.0,0.0,0.0,0.0,0.0,1.0
563,3.5664903222882627,53.66916248889578,69.74628478632526,5.965706644014426,23,1.0,1,1.0,0.0,1.0,0.0,0.0,0.0,0.0,0.0,0.0,0.0,1.0
564,9.212652699326927,87.84283323618047,67.95697206042135,5.960927654606491,19,0.0,1,0.0,1.0,0.0,0.0,0.0,1.0,0.0,0.0,0.0,1.0,0.0
565,5.349819101381435,41.57111057820683,55.61146585254316,4.643070253634634,18,0.0,0,1.0,0.0,0.0,0.0,0.0,1.0,0.0,0.0,0.0,1.0,0.0
566,12.181199631052364,92.35502716495478,100.0,8.484545252922823,18,1.0,1,1.0,0.0,0.0,0.0,1.0,0.0,0.0,0.0,0.0,1.0,0.0
567,13.21271622177657,54.268785809103534,100.0,4.007543543758308,26,1.0,1,0.0,1.0,1.0,0.0,0.0,0.0,0.0,0.0,0.0,1.0,0.0
568,3.2680717777756563,77.9395164146301,95.20763983284212,7.02070110592484,21,2.0,1,1.0,0.0,0.0,1.0,0.0,0.0,0.0,0.0,0.0,0.0,1.0
569,13.197309262435866,85.79659395981446,71.23934174922172,8.503084716756058,22,1.0,1,0.0,1.0,0.0,1.0,0.0,0.0,0.0,0.0,1.0,0.0,0.0
570,17.413800919792084,76.87638517877147,62.51710515590069,6.2787408689997815,20,1.0,1,0.0,1.0,1.0,0.0,0.0,0.0,1.0,0.0,0.0,0.0,0.0
571,14.080749435113296,63.86792320944314,83.61454598591135,7.02070110592484,21,1.0,1,1.0,0.0,0.0,0.0,0.0,1.0,0.0,0.0,0.0,1.0,0.0
572,16.07686023649887,70.35758594773381,64.1823504311208,6.687242799411504,29,0.0,1,1.0,0.0,0.0,1.0,0.0,0.0,1.0,0.0,0.0,0.0,0.0
573,14.948484176409409,69.37881097929035,69.27730128490164,8.547263140326466,25,0.0,1,0.0,1.0,1.0,0.0,0.0,0.0,1.0,0.0,0.0,0.0,0.0
574,15.13623359395334,82.40046594757447,45.04006802389324,7.1111309116920784,21,1.0,1,0.0,1.0,0.0,0.0,1.0,0.0,1.0,0.0,0.0,0.0,0.0
575,13.976608219773388,75.8873805385748,77.2377928048317,7.02070110592484,26,1.0,1,0.0,1.0,1.0,0.0,0.0,0.0,0.0,0.0,0.0,0.0,1.0
576,13.740047275519707,83.1027264192204,93.91232533486638,10.0,26,1.0,1,1.0,0.0,0.0,1.0,0.0,0.0,0.0,0.0,0.0,0.0,1.0
577,9.00870765010051,80.63127784779293,100.0,7.421366274469066,23,1.0,1,0.0,1.0,0.0,0.0,0.0,1.0,0.0,0.0,0.0,1.0,0.0
578,7.735707603037678,65.43277111610544,92.99067721184376,9.736833903705625,19,1.0,1,1.0,0.0,0.0,0.0,0.0,1.0,0.0,0.0,1.0,0.0,0.0
579,1.0,30.0,64.24039230367234,7.97308663165311,29,0.0,0,1.0,0.0,0.0,0.0,1.0,0.0,0.0,0.0,0.0,0.0,1.0
580,8.62152790642022,63.66275841321841,66.33036067776423,7.750976811990479,27,0.0,1,0.0,1.0,0.0,0.0,0.0,1.0,0.0,0.0,1.0,0.0,0.0
581,10.408187784096858,66.94931550784975,50.04989040315984,7.536243598079985,28,2.0,1,1.0,0.0,0.0,1.0,0.0,0.0,1.0,0.0,0.0,0.0,0.0
582,15.89700875483741,70.24465174427986,71.3924663017805,7.02070110592484,24,1.0,1,0.0,1.0,0.0,0.0,1.0,0.0,1.0,0.0,0.0,0.0,0.0
583,4.05238892127318,50.43817894300204,67.20433137721672,6.329042078828333,26,2.0,1,1.0,0.0,1.0,0.0,0.0,0.0,0.0,0.0,0.0,0.0,1.0
584,13.657576484930065,79.68446123913972,76.7838499201446,7.02070110592484,23,0.0,1,1.0,0.0,0.0,0.0,0.0,1.0,0.0,0.0,0.0,1.0,0.0
585,13.059978968497973,53.11335698904977,83.2306891381462,7.02070110592484,20,2.0,1,0.0,1.0,0.0,0.0,0.0,1.0,0.0,0.0,1.0,0.0,0.0
586,11.24860703107434,50.87046288096771,57.1592328201428,7.480434513785623,24,0.0,1,1.0,0.0,1.0,0.0,0.0,0.0,1.0,0.0,0.0,0.0,0.0
587,1.0,67.86633256985053,50.797254717333786,7.02070110592484,22,0.0,0,1.0,0.0,0.0,0.0,0.0,1.0,1.0,0.0,0.0,0.0,0.0
588,4.927144384885577,61.3144084279097,74.82435812344812,7.043288628406588,18,2.0,0,1.0,0.0,0.0,1.0,0.0,0.0,0.0,0.0,0.0,0.0,1.0
589,16.433509677711736,79.87064477483433,35.1005805834441,7.02070110592484,20,0.0,1,0.0,1.0,0.0,0.0,0.0,1.0,1.0,0.0,0.0,0.0,0.0
590,5.936729604251514,39.794928913504826,72.20579402236275,5.420340604018554,22,1.0,1,1.0,0.0,0.0,1.0,0.0,0.0,0.0,0.0,0.0,0.0,1.0
591,4.441489612306779,35.11041312891017,53.85029971234308,5.238420212929475,24,0.0,1,1.0,0.0,0.0,0.0,1.0,0.0,0.0,0.0,0.0,0.0,1.0
592,13.908129726702382,90.96754793456664,73.0649494089923,8.321332179380395,20,1.0,1,1.0,0.0,0.0,1.0,0.0,0.0,0.0,0.0,1.0,0.0,0.0
593,9.541440402573617,91.69155389377262,59.57100648940724,6.660265935088762,23,2.0,1,1.0,0.0,0.0,1.0,0.0,0.0,0.0,0.0,0.0,1.0,0.0
594,25.0,73.32015552301249,82.74155366049042,8.102197154824601,22,1.0,1,0.0,1.0,0.0,0.0,1.0,0.0,1.0,0.0,0.0,0.0,0.0
595,13.290214924944776,64.7977434819393,58.88615850836197,5.490684225031989,18,1.0,1,0.0,1.0,0.0,0.0,1.0,0.0,0.0,0.0,0.0,0.0,1.0
596,6.1258357759096205,63.24879782295066,79.22139529831915,4.989699301098871,27,0.0,1,1.0,0.0,0.0,0.0,1.0,0.0,0.0,1.0,0.0,0.0,0.0
597,15.443612503701408,97.56962736087196,84.78613269311677,7.02070110592484,23,1.0,0,0.0,1.0,0.0,0.0,0.0,1.0,0.0,0.0,0.0,1.0,0.0
598,2.311543750639739,53.25446664563856,55.850927317459714,5.68972735807796,25,1.0,1,1.0,0.0,0.0,1.0,0.0,0.0,0.0,1.0,0.0,0.0,0.0
599,12.489045377429166,65.0369114241037,54.79236016715789,6.900188180082787,18,0.0,1,1.0,0.0,0.0,0.0,1.0,0.0,0.0,0.0,0.0,1.0,0.0
600,21.62986229036328,73.28159602917377,100.0,7.02070110592484,19,1.0,1,0.0,1.0,0.0,0.0,1.0,0.0,1.0,0.0,0.0,0.0,0.0
601,19.25866878540664,73.47461583546966,66.4954453825051,7.1602618883605205,21,0.0,1,0.0,1.0,0.0,1.0,0.0,0.0,0.0,0.0,1.0,0.0,0.0
602,10.33270606639071,84.3618045119052,45.934408516384,5.645049066566707,29,2.0,1,0.0,1.0,0.0,0.0,1.0,0.0,0.0,0.0,0.0,0.0,1.0
603,10.207063006903216,60.22263528630763,20.0,9.574622721448716,19,1.0,1,1.0,0.0,0.0,1.0,0.0,0.0,0.0,0.0,0.0,0.0,1.0
604,4.3946992793840085,38.883330869116335,59.29927900246216,7.28971475021986,28,0.0,0,1.0,0.0,0.0,0.0,1.0,0.0,0.0,0.0,0.0,0.0,1.0
605,10.05645679140565,80.10553683120006,83.06711086112313,6.617647014160792,26,1.0,1,0.0,1.0,0.0,0.0,1.0,0.0,1.0,0.0,0.0,0.0,0.0
606,16.609729204283504,100.0,100.0,8.754100996776538,27,1.0,1,1.0,0.0,1.0,0.0,0.0,0.0,0.0,0.0,0.0,1.0,0.0
607,5.595559402065351,73.82352985839209,68.48846868431212,7.236204190201922,25,1.0,1,1.0,0.0,0.0,0.0,1.0,0.0,0.0,0.0,0.0,1.0,0.0
608,10.597338017142327,62.49023188009521,59.70580652427226,6.5942717814591685,25,2.0,0,1.0,0.0,1.0,0.0,0.0,0.0,0.0,0.0,0.0,0.0,1.0
609,22.042751852087896,93.1889097717491,91.18336348719116,6.149182915130325,21,1.0,1,0.0,1.0,0.0,1.0,0.0,0.0,0.0,0.0,0.0,0.0,1.0
610,16.989182644855525,96.42922049261266,85.52833735142256,7.02070110592484,22,2.0,1,1.0,0.0,0.0,0.0,0.0,1.0,0.0,0.0,0.0,0.0,1.0
611,9.604398499207855,90.28934146329532,82.79566862278327,7.996430812496141,21,1.0,1,1.0,0.0,0.0,1.0,0.0,0.0,0.0,0.0,0.0,0.0,1.0
612,5.010401705130997,68.58652112140435,66.21997582992343,7.359070244007629,26,0.0,1,1.0,0.0,0.0,0.0,0.0,1.0,1.0,0.0,0.0,0.0,0.0
613,11.84107643359913,67.98033130222237,67.74299404972948,7.02070110592484,19,1.0,1,0.0,1.0,0.0,0.0,1.0,0.0,0.0,0.0,0.0,1.0,0.0
614,17.33930208499703,69.75534825572014,93.14160488552604,5.03497496791263,28,1.0,1,0.0,1.0,0.0,0.0,0.0,1.0,0.0,0.0,0.0,1.0,0.0
615,2.5100170059733102,47.53005101791993,61.90139032621759,5.208057338985123,25,1.0,0,1.0,0.0,0.0,0.0,0.0,1.0,0.0,0.0,1.0,0.0,0.0
616,6.787283778223428,65.94271781459169,21.965360305052258,6.9115015910407855,19,2.0,1,1.0,0.0,0.0,0.0,0.0,1.0,0.0,0.0,1.0,0.0,0.0
617,3.3600919793906403,86.06116895603813,82.57954643072807,7.02070110592484,18,1.0,1,1.0,0.0,0.0,0.0,1.0,0.0,1.0,0.0,0.0,0.0,0.0
618,16.826286856090327,85.73121419089647,91.39311394743602,6.495733188648713,27,2.0,1,0.0,1.0,0.0,1.0,0.0,0.0,0.0,0.0,0.0,0.0,1.0
619,5.57703678809583,59.894463168799945,66.9872949905234,4.971065853670466,20,1.0,1,1.0,0.0,0.0,0.0,0.0,1.0,1.0,0.0,0.0,0.0,0.0
620,11.081019402824476,68.73767003664302,100.0,5.616504672374715,26,1.0,1,0.0,1.0,0.0,1.0,0.0,0.0,1.0,0.0,0.0,0.0,0.0
621,3.870286255485035,56.5069920911172,83.12157647501384,8.573121419089647,29,1.0,1,1.0,0.0,0.0,0.0,1.0,0.0,0.0,0.0,1.0,0.0,0.0
622,13.35278720311429,96.0809657186378,78.09859050541554,7.846400199637788,20,1.0,1,0.0,1.0,0.0,1.0,0.0,0.0,0.0,0.0,0.0,0.0,1.0
623,14.787268170635071,59.79981132446799,65.99839709726754,7.293550267451806,26,2.0,1,0.0,1.0,0.0,0.0,1.0,0.0,0.0,0.0,0.0,0.0,1.0
624,9.516237352248078,78.81945777250283,87.78923704974346,7.02070110592484,24,1.0,1,1.0,0.0,0.0,0.0,0.0,1.0,0.0,0.0,0.0,0.0,1.0
625,2.6236531927657003,59.0272705452098,93.06601244577725,9.05748583835898,27,0.0,1,1.0,0.0,0.0,1.0,0.0,0.0,0.0,0.0,0.0,1.0,0.0
626,15.724479866075306,54.65495115894648,54.708577539542304,7.48836484867659,18,1.0,1,1.0,0.0,0.0,0.0,1.0,0.0,1.0,0.0,0.0,0.0,0.0
627,11.313428803418685,60.54619262669339,53.40620142884503,5.796661475432678,27,1.0,0,1.0,0.0,0.0,1.0,0.0,0.0,0.0,0.0,1.0,0.0,0.0
628,4.989717610813139,64.43647373066355,67.25844633950955,9.777600635621992,22,0.0,1,1.0,0.0,1.0,0.0,0.0,0.0,0.0,0.0,1.0,0.0,0.0
629,7.208038843734417,62.95595411226376,58.60688605256398,8.010553683120005,26,0.0,1,1.0,0.0,1.0,0.0,0.0,0.0,0.0,0.0,0.0,0.0,1.0
630,9.072601830173616,60.12935522516567,20.0,8.063127784779294,29,1.0,1,0.0,1.0,0.0,0.0,0.0,1.0,1.0,0.0,0.0,0.0,0.0
631,17.988492110457116,75.24224509052048,100.0,7.02070110592484,20,1.0,1,0.0,1.0,0.0,0.0,0.0,1.0,0.0,0.0,0.0,1.0,0.0
632,10.30756318276249,82.18981118724545,67.79656552091681,6.602074197759695,26,1.0,1,1.0,0.0,0.0,0.0,0.0,1.0,1.0,0.0,0.0,0.0,0.0
633,14.86724364546543,90.01099206946938,97.32737780581525,8.09727294547902,22,0.0,1,0.0,1.0,0.0,1.0,0.0,0.0,0.0,0.0,0.0,1.0,0.0
634,15.62888100365008,71.37567879227915,63.77345811924015,7.02070110592484,26,0.0,1,0.0,1.0,0.0,0.0,0.0,1.0,0.0,0.0,0.0,0.0,1.0
635,14.92805208433635,68.35952348257344,83.394819873404,9.48121717980732,27,1.0,1,0.0,1.0,0.0,0.0,1.0,0.0,0.0,0.0,0.0,0.0,1.0
636,6.615729259787976,60.72911702614792,42.30506064173371,6.206048358536989,23,1.0,0,1.0,0.0,0.0,0.0,1.0,0.0,0.0,1.0,0.0,0.0,0.0
637,7.295587607780198,48.41498027359074,83.66963932223577,7.850817084869675,26,0.0,1,1.0,0.0,0.0,0.0,0.0,1.0,0.0,0.0,1.0,0.0,0.0
638,4.152996677411538,80.48662131674837,100.0,5.551869539631874,24,1.0,1,1.0,0.0,0.0,0.0,0.0,1.0,0.0,0.0,0.0,1.0,0.0
639,20.98446926096361,96.25332425685076,61.01783824433545,7.133788744010846,24,1.0,1,0.0,1.0,1.0,0.0,0.0,0.0,0.0,0.0,1.0,0.0,0.0
640,9.59181221590314,54.005441472770016,79.37546137223168,6.223314588216449,25,0.0,1,1.0,0.0,0.0,0.0,0.0,1.0,0.0,0.0,0.0,1.0,0.0
641,12.954745287135248,69.79298959252313,100.0,8.020018867553201,24,0.0,1,0.0,1.0,0.0,1.0,0.0,0.0,0.0,0.0,1.0,0.0,0.0
642,5.369118378486937,41.79471331894264,100.0,7.637841596312118,29,0.0,1,1.0,0.0,0.0,1.0,0.0,0.0,0.0,1.0,0.0,0.0,0.0
643,2.7694820354091254,55.093002285027794,50.587193023053,8.863090858695251,26,2.0,0,1.0,0.0,0.0,1.0,0.0,0.0,1.0,0.0,0.0,0.0,0.0
644,13.773321347365515,78.02624222629484,100.0,5.9125401915830285,28,1.0,1,0.0,1.0,0.0,0.0,0.0,1.0,0.0,0.0,0.0,0.0,1.0
645,12.264292396962322,73.62944547149692,100.0,8.147064510679579,26,1.0,1,0.0,1.0,0.0,0.0,0.0,1.0,0.0,0.0,0.0,1.0,0.0
646,12.984676707024374,50.3497496791263,74.12151950919473,10.0,23,1.0,1,0.0,1.0,0.0,0.0,1.0,0.0,1.0,0.0,0.0,0.0,0.0
647,14.222425389503147,68.54871205674424,52.76595844922712,5.892866728893208,24,1.0,1,0.0,1.0,1.0,0.0,0.0,0.0,1.0,0.0,0.0,0.0,0.0
648,16.639908020609358,61.93029422775426,44.72822136945894,4.0,19,1.0,1,0.0,1.0,0.0,0.0,1.0,0.0,1.0,0.0,0.0,0.0,0.0
649,5.63242452692653,54.78143315465673,53.13455460024281,7.02070110592484,26,1.0,1,1.0,0.0,0.0,0.0,1.0,0.0,1.0,0.0,0.0,0.0,0.0
650,9.14907637943816,53.93883104396184,82.31062953945938,6.140326912889237,29,0.0,1,1.0,0.0,0.0,0.0,0.0,1.0,1.0,0.0,0.0,0.0,0.0
651,14.478899094417947,58.01846643623208,70.52168404069768,7.02070110592484,18,1.0,1,0.0,1.0,0.0,0.0,0.0,1.0,0.0,0.0,0.0,0.0,1.0
652,15.39844964278874,62.5328638677125,67.85008535893351,7.194373470508205,18,1.0,1,0.0,1.0,0.0,0.0,0.0,1.0,0.0,0.0,0.0,1.0,0.0
653,4.07776590546977,45.187828201926806,53.04310432583002,7.548297215459454,20,1.0,0,1.0,0.0,0.0,1.0,0.0,0.0,1.0,0.0,0.0,0.0,0.0
654,8.22588851143294,63.49777050832317,96.59379857115508,8.001128566683775,29,1.0,1,1.0,0.0,0.0,0.0,0.0,1.0,1.0,0.0,0.0,0.0,0.0
655,6.552355480048085,55.63819548809482,59.63849373658037,4.862484188815681,23,0.0,1,1.0,0.0,0.0,0.0,1.0,0.0,0.0,0.0,0.0,0.0,1.0
656,15.489223918542494,67.02612295030153,52.67262219418475,7.841990641056989,22,1.0,1,0.0,1.0,0.0,1.0,0.0,0.0,0.0,0.0,0.0,0.0,1.0
657,2.733602129096001,57.81018881275454,53.58510805861579,6.952945957511188,19,1.0,1,1.0,0.0,0.0,1.0,0.0,0.0,0.0,0.0,0.0,0.0,1.0
658,1.0,46.16843562140824,87.11910274021487,9.62533242568508,26,2.0,1,1.0,0.0,1.0,0.0,0.0,0.0,0.0,0.0,1.0,0.0,0.0
659,17.195006575469755,97.77600635621992,62.39492350225785,5.36009159501821,27,1.0,1,0.0,1.0,0.0,0.0,1.0,0.0,0.0,0.0,0.0,0.0,1.0
660,7.860120514737423,77.59521486041618,73.56857053644761,7.02070110592484,21,1.0,1,0.0,1.0,0.0,0.0,0.0,1.0,0.0,0.0,0.0,1.0,0.0
661,8.673580659198983,41.34100602761234,74.87454230662853,5.7546487636205175,21,1.0,1,1.0,0.0,0.0,0.0,1.0,0.0,0.0,1.0,0.0,0.0,0.0
662,8.686571196581315,95.42384015002445,100.0,6.1668067445845285,22,2.0,1,1.0,0.0,0.0,0.0,0.0,1.0,0.0,0.0,0.0,0.0,1.0
663,16.024677169435353,58.22445925184662,61.08184126242084,7.080958970578619,25,1.0,1,0.0,1.0,0.0,1.0,0.0,0.0,0.0,0.0,0.0,0.0,1.0
664,13.673990516082004,65.39333250713968,53.31609684881585,8.724612635565387,27,1.0,1,0.0,1.0,1.0,0.0,0.0,0.0,0.0,0.0,0.0,0.0,1.0
665,8.777262423034351,76.5435988931571,56.32180117477891,6.964241405226622,21,1.0,1,1.0,0.0,0.0,0.0,0.0,1.0,0.0,0.0,1.0,0.0,0.0
666,5.8665113508085085,55.2768941343059,99.62559685559413,8.37774656194767,22,1.0,0,1.0,0.0,0.0,0.0,1.0,0.0,0.0,0.0,0.0,1.0,0.0
667,18.5278521691975,82.45351236379483,95.2914224604577,9.423918186771768,29,2.0,1,0.0,1.0,0.0,1.0,0.0,0.0,1.0,0.0,0.0,0.0,0.0
668,9.225352373646114,46.934631251919214,55.69159386175832,7.308911810349704,21,0.0,1,1.0,0.0,0.0,0.0,0.0,1.0,0.0,0.0,0.0,0.0,1.0
669,1.5253866166585102,45.03877393728486,86.46230782814351,6.3165395293931805,23,0.0,1,1.0,0.0,0.0,0.0,0.0,1.0,0.0,0.0,0.0,0.0,1.0
670,10.031364423342868,74.29202403632377,87.66634390489082,7.02070110592484,29,2.0,1,1.0,0.0,0.0,0.0,0.0,1.0,1.0,0.0,0.0,0.0,0.0
671,13.479539684394792,64.35575884323065,43.22458082854431,7.496308857589629,20,1.0,1,1.0,0.0,0.0,1.0,0.0,0.0,0.0,1.0,0.0,0.0,0.0
672,12.777310851384891,92.46994898208008,56.63004584069773,7.02070110592484,25,1.0,1,0.0,1.0,0.0,0.0,0.0,1.0,0.0,0.0,0.0,0.0,1.0
673,2.660697915002979,43.0200613447491,59.503343103638485,6.926578423027594,23,1.0,1,1.0,0.0,0.0,0.0,1.0,0.0,0.0,0.0,1.0,0.0,0.0
674,6.818067398150714,49.328293615684814,100.0,8.299283878230247,27,0.0,1,1.0,0.0,0.0,0.0,0.0,1.0,1.0,0.0,0.0,0.0,0.0
675,14.747736350556185,74.84397988789914,72.15511009313403,7.9823957255336815,22,1.0,1,0.0,1.0,0.0,0.0,0.0,1.0,0.0,0.0,0.0,0.0,1.0
676,5.901721513140996,36.14882758856794,56.93398755422275,4.473304473213195,19,1.0,1,1.0,0.0,1.0,0.0,0.0,0.0,1.0,0.0,0.0,0.0,0.0
677,13.120723711024826,67.75221046442127,88.34838088911701,8.33805753848929,27,1.0,1,0.0,1.0,0.0,0.0,0.0,1.0,0.0,0.0,0.0,0.0,1.0
678,19.12277967901874,91.90796773019844,95.04112955674744,8.746665558956472,27,1.0,1,0.0,1.0,0.0,0.0,0.0,1.0,0.0,0.0,1.0,0.0,0.0
679,15.973142203382924,64.717729045316,100.0,6.266040048016242,24,2.0,1,0.0,1.0,0.0,0.0,1.0,0.0,0.0,0.0,0.0,0.0,1.0
680,8.738445740341717,67.14118873699807,70.62453862776832,5.979981132446799,19,0.0,1,1.0,0.0,0.0,0.0,1.0,0.0,0.0,0.0,1.0,0.0,0.0
681,22.877416620043007,100.0,100.0,6.744722913831447,18,2.0,1,0.0,1.0,0.0,0.0,0.0,1.0,0.0,0.0,0.0,0.0,1.0
682,6.259952724480291,85.53684432781732,100.0,7.02070110592484,24,0.0,1,1.0,0.0,0.0,0.0,0.0,1.0,0.0,0.0,0.0,1.0,0.0
683,7.679964387193241,84.6017309363963,70.82990399215338,5.862993650021373,22,1.0,1,1.0,0.0,1.0,0.0,0.0,0.0,0.0,1.0,0.0,0.0,0.0
684,8.944651175420212,69.98118146447312,88.28574416661522,7.141347887859565,18,2.0,1,1.0,0.0,0.0,0.0,0.0,1.0,0.0,0.0,0.0,1.0,0.0
685,6.35879822349631,56.675359827433184,87.60507649774215,5.882958328434812,21,1.0,1,1.0,0.0,0.0,0.0,0.0,1.0,0.0,0.0,1.0,0.0,0.0
686,12.362032703573131,71.94373470508205,76.2805344507573,4.78709595782971,29,1.0,1,1.0,0.0,0.0,1.0,0.0,0.0,0.0,0.0,0.0,1.0,0.0
687,7.665983681727052,73.01227089838619,37.09481410427577,6.219007758141228,21,1.0,0,1.0,0.0,0.0,0.0,1.0,0.0,1.0,0.0,0.0,0.0,0.0
688,12.762684351744872,53.04223855321818,84.72960720841292,7.6668007845347,27,1.0,0,0.0,1.0,0.0,0.0,0.0,1.0,0.0,0.0,1.0,0.0,0.0
689,14.204531753231567,85.21856684534328,71.95218820985065,7.763803065796301,24,0.0,1,0.0,1.0,0.0,0.0,1.0,0.0,0.0,1.0,0.0,0.0,0.0
690,4.77795602563702,74.05728218540831,75.62738723318415,9.038369427718838,26,2.0,1,0.0,1.0,0.0,0.0,1.0,0.0,0.0,0.0,0.0,0.0,1.0
691,1.472147830802497,44.8872133613403,41.917104269235736,4.893200339230679,19,1.0,1,1.0,0.0,0.0,1.0,0.0,0.0,1.0,0.0,0.0,0.0,0.0
692,6.771846253620089,42.82813826679387,57.67621495693005,4.0,29,1.0,1,1.0,0.0,0.0,0.0,1.0,0.0,0.0,0.0,0.0,0.0,1.0
693,13.321436041653802,88.79481438100287,90.49665689636151,7.968446123913971,18,1.0,1,0.0,1.0,0.0,0.0,1.0,0.0,0.0,0.0,0.0,1.0,0.0
694,7.119625561756532,79.91742811434607,71.03483060040203,7.073421576972406,19,0.0,1,1.0,0.0,0.0,0.0,0.0,1.0,0.0,0.0,0.0,0.0,1.0
695,23.7372665364886,76.05033314584236,58.395316848273566,6.547217817744629,24,0.0,1,0.0,1.0,0.0,1.0,0.0,0.0,1.0,0.0,0.0,0.0,0.0
696,7.887586137739479,69.11501591040786,77.69289159703683,10.0,27,1.0,1,1.0,0.0,0.0,1.0,0.0,0.0,1.0,0.0,0.0,0.0,0.0
697,7.510954622570834,84.12549732608039,80.67043850993258,4.913196916956386,23,1.0,1,1.0,0.0,0.0,0.0,0.0,1.0,1.0,0.0,0.0,0.0,0.0
698,10.294994696530711,80.01128566683775,85.24121170300702,7.213366743014948,21,1.0,1,1.0,0.0,0.0,0.0,0.0,1.0,0.0,0.0,1.0,0.0,0.0
699,2.143567512115448,49.52113943172903,50.90129132225859,5.282656040177408,18,2.0,1,1.0,0.0,1.0,0.0,0.0,0.0,0.0,0.0,0.0,0.0,1.0
700,4.001169973657603,54.07173797684392,63.59678187246168,7.382352985839208,18,0.0,1,1.0,0.0,0.0,1.0,0.0,0.0,1.0,0.0,0.0,0.0,0.0
701,15.178948109272438,80.34293355985574,89.63030593972026,7.009409327002861,22,1.0,1,0.0,1.0,0.0,0.0,1.0,0.0,0.0,0.0,0.0,0.0,1.0
702,1.0,74.33124851735546,84.5042748012365,7.255277086168554,18,0.0,1,1.0,0.0,0.0,0.0,0.0,1.0,0.0,0.0,0.0,1.0,0.0
703,4.948090041789472,47.05662720786795,81.1948506307706,7.8026242226294835,29,1.0,1,1.0,0.0,1.0,0.0,0.0,0.0,0.0,0.0,1.0,0.0,0.0
704,9.465793705464932,43.391172077244434,66.605180126596,7.02070110592484,24,0.0,1,0.0,1.0,1.0,0.0,0.0,0.0,0.0,0.0,0.0,1.0,0.0
705,5.464598778618486,100.0,100.0,7.062118902070965,28,2.0,1,1.0,0.0,0.0,0.0,0.0,1.0,0.0,0.0,0.0,0.0,1.0
706,7.609876553606947,71.26232996335698,49.71867260928367,4.0,18,0.0,1,1.0,0.0,0.0,1.0,0.0,0.0,0.0,0.0,0.0,0.0,1.0
707,5.330450293694726,51.530802358304406,41.718365249713145,5.743992458722348,18,2.0,1,1.0,0.0,0.0,0.0,0.0,1.0,0.0,0.0,0.0,0.0,1.0
708,8.88042101017442,82.08538111872852,77.64226047122756,4.562088403105434,19,1.0,1,0.0,1.0,0.0,1.0,0.0,0.0,0.0,0.0,0.0,0.0,1.0
709,4.66848049092334,79.22536754807606,88.22323748579475,5.557855985465146,28,2.0,1,1.0,0.0,1.0,0.0,0.0,0.0,0.0,0.0,0.0,0.0,1.0
710,11.300447125862732,46.55917769166496,99.95010959684016,9.294337279213206,29,1.0,1,1.0,0.0,0.0,0.0,1.0,0.0,0.0,0.0,1.0,0.0,0.0
711,7.901295031648997,70.09409327002861,72.71170214739998,6.082006309450608,27,2.0,1,1.0,0.0,1.0,0.0,0.0,0.0,0.0,0.0,0.0,0.0,1.0
712,15.998830026342404,54.398656752988025,46.49978918420907,8.660589027881118,20,0.0,1,0.0,1.0,0.0,0.0,1.0,0.0,1.0,0.0,0.0,0.0,0.0
713,10.14429542802196,70.16937037421695,92.69185284761669,6.287179389907263,28,1.0,1,1.0,0.0,0.0,0.0,1.0,0.0,0.0,0.0,0.0,1.0,0.0
714,9.453174494191144,71.1490531712597,78.65855128011843,5.268077964756013,18,2.0,1,0.0,1.0,0.0,1.0,0.0,0.0,0.0,0.0,1.0,0.0,0.0
715,5.988871584775596,71.41347887859565,58.95548633910238,8.30476950702061,26,0.0,1,1.0,0.0,0.0,0.0,1.0,0.0,0.0,0.0,0.0,0.0,1.0
716,1.0,61.09090691666134,73.1153614952058,4.0,27,0.0,1,1.0,0.0,0.0,0.0,1.0,0.0,0.0,0.0,0.0,0.0,1.0
717,17.52873502856171,70.8095897057862,80.5660337513159,8.784283323618046,25,1.0,1,0.0,1.0,0.0,1.0,0.0,0.0,1.0,0.0,0.0,0.0,0.0
718,1.9662246551537856,77.17037033917916,93.52352648605223,5.192596849169394,22,2.0,0,1.0,0.0,0.0,1.0,0.0,0.0,0.0,1.0,0.0,0.0,0.0
719,3.043989723187952,52.00350992097281,82.14991464106647,7.572511980648344,28,1.0,1,1.0,0.0,0.0,1.0,0.0,0.0,1.0,0.0,0.0,0.0,0.0
720,10.445962480036153,81.72438918010715,100.0,7.605033314584235,19,1.0,1,1.0,0.0,0.0,1.0,0.0,0.0,0.0,0.0,0.0,0.0,1.0
721,7.453989780678996,91.479563365529,97.6103485957091,8.058294972756087,22,0.0,1,1.0,0.0,0.0,0.0,1.0,0.0,0.0,0.0,0.0,1.0,0.0
722,12.32003561280676,67.29434972633537,72.91363805949669,6.740903475781439,23,0.0,1,0.0,1.0,0.0,0.0,0.0,1.0,0.0,0.0,1.0,0.0,0.0
723,10.647911568360684,49.71065853670466,70.77860470168085,7.02070110592484,18,2.0,0,1.0,0.0,0.0,0.0,1.0,0.0,1.0,0.0,0.0,0.0,0.0
724,22.28451987322916,88.2305807094966,59.02462191497611,7.02070110592484,28,0.0,1,0.0,1.0,0.0,0.0,1.0,0.0,0.0,0.0,0.0,0.0,1.0
725,7.873861345626262,94.52120451869972,92.32378504306996,8.354950933433294,21,1.0,1,0.0,1.0,0.0,0.0,1.0,0.0,0.0,0.0,0.0,0.0,1.0
726,9.579223345547677,55.21584374699096,69.48611162568088,7.654359889315709,26,2.0,0,1.0,0.0,0.0,0.0,1.0,0.0,0.0,0.0,1.0,0.0,0.0
727,8.59544575176978,69.1904102942138,78.30190862838526,7.209565448322794,19,0.0,1,1.0,0.0,0.0,1.0,0.0,0.0,1.0,0.0,0.0,0.0,0.0
728,12.03039411875346,73.86242262599724,63.41921123721294,7.658501812755741,22,1.0,1,0.0,1.0,0.0,0.0,0.0,1.0,0.0,1.0,0.0,0.0,0.0
729,14.4601917949643,75.1223898378834,92.47030189229388,6.881319549762358,18,0.0,1,0.0,1.0,0.0,0.0,1.0,0.0,0.0,0.0,0.0,0.0,1.0
730,6.894505359829508,75.00286074321433,72.256460013099,5.970475157757469,21,1.0,1,1.0,0.0,0.0,1.0,0.0,0.0,0.0,0.0,0.0,0.0,1.0
731,16.550083440291235,67.21780549052085,40.671697047350456,7.374582109322301,21,0.0,1,0.0,1.0,0.0,1.0,0.0,0.0,0.0,0.0,1.0,0.0,0.0
732,12.91004543157875,72.89714750219859,89.69596206432801,7.963814866532972,23,1.0,1,0.0,1.0,0.0,0.0,1.0,0.0,0.0,0.0,0.0,0.0,1.0
733,14.516503111444312,87.76670228359069,96.4148919413842,6.184316298046167,27,1.0,1,0.0,1.0,0.0,0.0,1.0,0.0,1.0,0.0,0.0,0.0,0.0
734,10.119195315911258,50.08027593817192,47.17595889275181,5.749328501312334,26,1.0,1,1.0,0.0,0.0,0.0,0.0,1.0,1.0,0.0,0.0,0.0,0.0
735,11.962460179524934,57.49328501312334,76.23025273104996,6.786633256985052,20,1.0,1,0.0,1.0,0.0,0.0,1.0,0.0,1.0,0.0,0.0,0.0,0.0
736,16.794564759062794,71.67834460362378,97.801538505908,7.02070110592484,26,0.0,1,0.0,1.0,0.0,0.0,1.0,0.0,0.0,0.0,0.0,1.0,0.0
737,16.520607018999318,70.5458578403981,86.87879077778489,4.0,23,1.0,1,0.0,1.0,0.0,0.0,0.0,1.0,0.0,0.0,0.0,1.0,0.0
738,9.66729393360929,57.007161217697536,91.46343221877176,7.02070110592484,24,1.0,1,1.0,0.0,0.0,1.0,0.0,0.0,1.0,0.0,0.0,0.0,0.0
739,11.469928904194754,63.78599704698617,89.23962210489451,7.759521486041619,29,1.0,1,1.0,0.0,0.0,0.0,1.0,0.0,0.0,0.0,0.0,0.0,1.0
740,7.015323292975627,66.91088189650296,40.88859132320999,4.883060095398219,27,0.0,0,1.0,0.0,0.0,0.0,0.0,1.0,1.0,0.0,0.0,0.0,0.0
741,6.802690737564135,62.997951045181175,97.42120288246394,7.148910623085953,19,1.0,1,1.0,0.0,0.0,1.0,0.0,0.0,1.0,0.0,0.0,0.0,0.0
742,12.250400725683114,100.0,90.56449812109712,9.306536874808076,28,0.0,1,0.0,1.0,0.0,0.0,0.0,1.0,1.0,0.0,0.0,0.0,0.0
743,8.46444416904656,79.13459031563889,100.0,4.0,27,1.0,1,1.0,0.0,0.0,0.0,1.0,0.0,0.0,0.0,1.0,0.0,0.0
744,6.209978833404576,76.00952875710745,20.05093385404551,4.809203226980153,23,0.0,1,0.0,1.0,0.0,1.0,0.0,0.0,0.0,0.0,0.0,0.0,1.0
745,1.0,71.98169535342066,76.38112249614407,5.868003595790345,23,1.0,1,1.0,0.0,0.0,0.0,0.0,1.0,1.0,0.0,0.0,0.0,0.0
746,11.45683421269584,57.966614754326784,35.461135485493344,8.466229839913101,19,0.0,1,1.0,0.0,0.0,1.0,0.0,0.0,0.0,0.0,0.0,0.0,1.0
747,7.382314933288417,71.86785049124602,71.34144871988157,7.708609811071939,19,2.0,1,1.0,0.0,0.0,0.0,1.0,0.0,0.0,0.0,1.0,0.0,0.0
748,11.183994449409514,75.68465982304605,85.93400784791956,7.02070110592484,19,2.0,1,1.0,0.0,0.0,1.0,0.0,0.0,0.0,0.0,0.0,0.0,1.0
749,8.438119783385826,52.30897373548777,90.36150626341964,10.0,27,0.0,1,1.0,0.0,1.0,0.0,0.0,0.0,0.0,0.0,1.0,0.0,0.0
750,8.292536720705533,81.26999054558912,97.99483514087186,6.345640110684291,29,1.0,1,1.0,0.0,0.0,0.0,1.0,0.0,0.0,0.0,0.0,0.0,1.0
751,14.367575473073469,91.799193612712,100.0,6.851089376914047,18,0.0,1,0.0,1.0,0.0,1.0,0.0,0.0,1.0,0.0,0.0,0.0,0.0
752,12.071334317671276,58.42825486705543,61.14570206141988,7.05458578403981,22,1.0,0,1.0,0.0,0.0,0.0,1.0,0.0,0.0,0.0,1.0,0.0,0.0
753,7.00031744536675,62.44753914412188,100.0,7.936217113307448,25,1.0,1,0.0,1.0,0.0,0.0,1.0,0.0,0.0,0.0,0.0,0.0,1.0
754,2.5483242783484155,61.66806744584529,48.195990681318285,7.512238983788339,19,1.0,0,1.0,0.0,0.0,0.0,1.0,0.0,0.0,0.0,1.0,0.0,0.0
755,5.2127318293649285,81.92982465932016,46.909337856409024,9.820528668105736,22,1.0,1,1.0,0.0,0.0,1.0,0.0,0.0,1.0,0.0,0.0,0.0,0.0
756,11.158205278489888,82.99283878230246,56.00905459777527,7.780992241858772,29,0.0,1,0.0,1.0,0.0,0.0,1.0,0.0,1.0,0.0,0.0,0.0,0.0
757,16.49135549135726,77.00204895481882,67.15015928190027,7.02070110592484,25,1.0,1,0.0,1.0,0.0,0.0,1.0,0.0,0.0,0.0,0.0,0.0,1.0
758,6.504459561083863,65.62949736191244,72.30710840296317,7.02070110592484,27,0.0,1,1.0,0.0,0.0,0.0,1.0,0.0,1.0,0.0,0.0,0.0,0.0
759,7.251918544651482,81.77554074815338,76.63275113638743,7.251459302519646,22,1.0,1,1.0,0.0,0.0,1.0,0.0,0.0,1.0,0.0,0.0,0.0,0.0
760,14.650180898618563,79.77736471369238,73.97079959806742,10.0,19,1.0,1,0.0,1.0,0.0,0.0,1.0,0.0,1.0,0.0,0.0,0.0,0.0
761,14.04584087179779,58.27561081989285,41.31072630950926,7.02070110592484,20,1.0,1,0.0,1.0,0.0,0.0,0.0,1.0,0.0,0.0,1.0,0.0,0.0
762,13.527649909186955,78.4199064105699,68.96290423659505,6.994354427494158,23,0.0,1,0.0,1.0,0.0,1.0,0.0,0.0,1.0,0.0,0.0,0.0,0.0
763,13.806763372321525,92.01790625499112,90.42899351059276,8.245351236379483,28,1.0,1,0.0,1.0,0.0,0.0,0.0,1.0,0.0,0.0,0.0,0.0,1.0
764,11.029706034499013,71.90578650131688,77.28829785260002,6.656403315646023,28,1.0,1,0.0,1.0,0.0,0.0,1.0,0.0,0.0,0.0,0.0,0.0,1.0
765,6.599937108155996,44.57615984997553,78.40369448224739,8.034293355985575,22,0.0,1,1.0,0.0,0.0,0.0,0.0,1.0,0.0,0.0,0.0,0.0,1.0
766,4.299615373523,84.48130460368127,87.72773040739715,7.02070110592484,28,1.0,1,0.0,1.0,0.0,0.0,0.0,1.0,0.0,0.0,0.0,0.0,1.0
767,9.415295625786316,84.9069977149722,76.83423838970553,7.02070110592484,21,2.0,1,1.0,0.0,1.0,0.0,0.0,0.0,0.0,0.0,1.0,0.0,0.0
768,10.673222899259208,93.96547633137136,95.54493437581336,7.886423586140575,21,2.0,1,0.0,1.0,0.0,0.0,0.0,1.0,0.0,0.0,1.0,0.0,0.0
769,5.5211009055820535,60.63782886692552,53.76231730245856,5.4071737976843925,22,1.0,1,1.0,0.0,0.0,0.0,1.0,0.0,0.0,0.0,0.0,0.0,1.0
770,7.539315885958095,87.39272793291464,95.1242103329068,6.1045969878926885,19,1.0,1,1.0,0.0,0.0,0.0,0.0,1.0,0.0,0.0,0.0,1.0,0.0
771,6.8334140237772925,77.42456437699654,86.69967752037849,7.02070110592484,26,0.0,1,0.0,1.0,0.0,0.0,0.0,1.0,1.0,0.0,0.0,0.0,0.0
772,10.16939917701746,75.84675146708746,80.09803981118945,8.293815571622558,19,2.0,1,1.0,0.0,0.0,0.0,1.0,0.0,0.0,0.0,0.0,1.0,0.0
773,12.222669281782332,80.53473121456888,100.0,6.261794765787428,27,0.0,1,1.0,0.0,0.0,0.0,1.0,0.0,0.0,0.0,1.0,0.0,0.0
774,13.495540438916136,98.65899397238766,64.06599215208044,7.524224509052048,19,2.0,1,0.0,1.0,0.0,0.0,0.0,1.0,0.0,0.0,1.0,0.0,0.0
775,2.697344089933845,72.32394287906166,56.16600356522615,5.297073686222572,27,1.0,1,1.0,0.0,0.0,0.0,1.0,0.0,0.0,0.0,0.0,0.0,1.0
776,10.68588499672525,74.5278218225537,36.78800803681646,7.1073572097664295,26,1.0,1,1.0,0.0,0.0,1.0,0.0,0.0,0.0,0.0,0.0,0.0,1.0
777,8.358882909922986,61.49182915130325,73.61887750385594,9.914054518719048,20,2.0,0,1.0,0.0,0.0,1.0,0.0,0.0,0.0,0.0,0.0,0.0,1.0
778,5.192853284883822,80.20018867553202,44.88505988575318,6.1711946944765375,27,0.0,1,1.0,0.0,1.0,0.0,0.0,0.0,0.0,0.0,1.0,0.0,0.0
779,7.425383416206547,57.17069797529355,73.01452502552063,7.02070110592484,24,1.0,0,1.0,0.0,0.0,1.0,0.0,0.0,0.0,0.0,0.0,0.0,1.0
780,10.433368192758918,89.73936784177563,100.0,6.767605712093834,21,1.0,1,0.0,1.0,0.0,0.0,0.0,1.0,0.0,0.0,1.0,0.0,0.0
781,14.404440597934652,67.56171406071063,54.19820900398403,5.727888019677803,23,0.0,1,0.0,1.0,0.0,0.0,0.0,1.0,0.0,0.0,0.0,0.0,1.0
782,9.503631256380157,92.8228758608882,100.0,6.824588687735894,21,1.0,1,1.0,0.0,0.0,1.0,0.0,0.0,0.0,0.0,1.0,0.0,0.0
783,10.88913489493195,62.404785139583815,89.11059963674782,6.919041029421381,27,1.0,1,0.0,1.0,1.0,0.0,0.0,0.0,0.0,0.0,0.0,0.0,1.0
784,1.0,64.19383475463216,41.51628448178707,6.135887668526959,24,1.0,0,1.0,0.0,0.0,0.0,0.0,1.0,0.0,0.0,0.0,0.0,1.0
785,9.339434882193109,86.81590216184796,77.79420597763725,5.706184428377442,18,0.0,1,1.0,0.0,0.0,0.0,0.0,1.0,0.0,0.0,0.0,0.0,1.0
786,8.41175203244453,57.70516453942299,80.40970958054442,4.30200613447491,20,2.0,0,1.0,0.0,0.0,0.0,1.0,0.0,1.0,0.0,0.0,0.0,0.0
787,9.705005303469289,68.51089376914047,43.91460786630839,5.563819548809478,20,0.0,1,1.0,0.0,0.0,0.0,1.0,0.0,0.0,0.0,0.0,0.0,1.0
788,5.614021768088199,89.56182105699796,47.69485257563871,5.446315567218269,18,0.0,1,1.0,0.0,0.0,0.0,0.0,1.0,0.0,0.0,1.0,0.0,0.0
789,3.1417138721367337,61.135764138594254,67.0959295345136,5.837750732772886,23,0.0,1,1.0,0.0,0.0,0.0,1.0,0.0,0.0,0.0,0.0,0.0,1.0
790,3.2054352409372067,58.07017534067984,100.0,7.02070110592484,28,0.0,1,1.0,0.0,0.0,0.0,1.0,0.0,0.0,0.0,0.0,0.0,1.0
791,14.708499108693465,66.44801665177145,82.41803502578195,7.02070110592484,26,0.0,1,0.0,1.0,0.0,1.0,0.0,0.0,0.0,0.0,1.0,0.0,0.0
792,14.330946260767488,72.13366743014947,80.46178045305483,4.576081813228232,25,2.0,1,0.0,1.0,0.0,1.0,0.0,0.0,0.0,0.0,0.0,0.0,1.0
793,18.03377534484621,47.41379491431488,51.004679894630414,6.839738111639477,28,1.0,1,1.0,0.0,0.0,0.0,1.0,0.0,0.0,0.0,0.0,1.0,0.0
794,10.927398169826382,73.35873696947674,88.91815873757918,8.619534892836622,24,0.0,1,0.0,1.0,0.0,0.0,0.0,1.0,0.0,0.0,0.0,1.0,0.0
795,6.07481975061554,62.23314588216449,96.68390315118415,5.807017534067984,27,0.0,1,1.0,0.0,1.0,0.0,0.0,0.0,0.0,0.0,0.0,0.0,1.0
796,1.0,70.20701040747687,100.0,7.02070110592484,25,1.0,0,1.0,0.0,0.0,0.0,1.0,0.0,0.0,0.0,0.0,0.0,1.0
797,21.12911601221393,74.21366274469067,94.54973119884134,7.031993927715753,23,2.0,1,0.0,1.0,0.0,0.0,1.0,0.0,0.0,0.0,0.0,0.0,1.0
798,17.230517964590874,76.41963845578773,63.24072296999623,8.887761533570156,26,0.0,1,0.0,1.0,0.0,0.0,1.0,0.0,0.0,0.0,1.0,0.0,0.0
799,12.418289833893832,51.20518561899711,82.25700595027052,9.965414838588,20,0.0,1,0.0,1.0,0.0,0.0,0.0,1.0,1.0,0.0,0.0,0.0,0.0
800,11.694170343339636,72.82049368808372,85.12695314722157,7.285881126300193,27,0.0,1,1.0,0.0,0.0,1.0,0.0,0.0,1.0,0.0,0.0,0.0,0.0
801,7.104802809303235,65.74717111755056,63.83215537493767,10.0,27,0.0,1,1.0,0.0,0.0,0.0,1.0,0.0,0.0,0.0,1.0,0.0,0.0
802,10.863655080728536,65.51155401314224,63.12120922221512,7.02070110592484,26,0.0,1,0.0,1.0,0.0,0.0,0.0,1.0,0.0,0.0,0.0,0.0,1.0
803,9.377383169584665,81.67337359082285,91.04451366089762,7.596876879050892,21,1.0,1,1.0,0.0,0.0,0.0,1.0,0.0,0.0,0.0,1.0,0.0,0.0
804,3.9493136793334473,31.367750139870974,25.86192050708341,8.823058070949664,24,0.0,0,1.0,0.0,0.0,0.0,1.0,0.0,0.0,0.0,1.0,0.0,0.0
805,14.968999238324066,58.73000945441088,83.89067712712932,8.282930202470645,26,1.0,1,0.0,1.0,0.0,0.0,1.0,0.0,1.0,0.0,0.0,0.0,0.0
806,1.1303906924148102,83.66309303553025,37.39295109192352,9.127177825933732,19,0.0,0,1.0,0.0,0.0,0.0,0.0,1.0,0.0,0.0,0.0,1.0,0.0
807,5.795468246768432,58.680035957903456,58.25323278296463,6.022263528630763,19,2.0,0,1.0,0.0,0.0,0.0,0.0,1.0,0.0,0.0,1.0,0.0,0.0
808,14.611651092084283,66.60265935088762,47.437724820913104,6.257543562300345,26,2.0,1,0.0,1.0,0.0,0.0,0.0,1.0,0.0,0.0,0.0,0.0,1.0
809,7.651984704087921,79.31648392051147,100.0,5.400544147277002,29,1.0,1,1.0,0.0,0.0,0.0,0.0,1.0,1.0,0.0,0.0,0.0,0.0
810,10.69855149440931,75.48297215459453,89.76177694809056,6.771414115738799,20,1.0,1,1.0,0.0,0.0,0.0,1.0,0.0,1.0,0.0,0.0,0.0,0.0
811,10.812761979763124,60.4080722126924,79.17009600784662,4.729616602709421,26,1.0,1,0.0,1.0,0.0,0.0,1.0,0.0,0.0,0.0,0.0,0.0,1.0
812,7.804993957480862,55.578559854651466,52.00516485912815,6.523525609733359,22,1.0,1,1.0,0.0,0.0,0.0,1.0,0.0,0.0,0.0,0.0,1.0,0.0
813,11.935388415122612,91.58501972641614,81.35299187022187,6.756171406071063,23,1.0,1,1.0,0.0,0.0,1.0,0.0,0.0,0.0,0.0,0.0,0.0,1.0
814,8.89328149232917,62.61794765787428,45.78937635973538,8.277512785141228,19,1.0,1,0.0,1.0,0.0,0.0,0.0,1.0,0.0,0.0,1.0,0.0,0.0
815,11.734085506020229,70.47054042488811,40.45068867040766,8.029524842242534,25,2.0,1,1.0,0.0,0.0,0.0,1.0,0.0,1.0,0.0,0.0,0.0,0.0
816,2.943533651327396,84.06696652045466,90.2270534892861,7.21716940847704,28,2.0,1,1.0,0.0,1.0,0.0,0.0,0.0,0.0,0.0,0.0,0.0,1.0
817,12.660948654596522,62.14694479986525,80.25371521367474,5.873000945441088,26,1.0,1,0.0,1.0,0.0,0.0,0.0,1.0,0.0,0.0,0.0,1.0,0.0
818,18.173734839566578,84.42144014534854,82.63349307531125,5.471832797450519,19,1.0,1,0.0,1.0,0.0,0.0,1.0,0.0,0.0,0.0,0.0,1.0,0.0
819,15.051909958210528,83.54950933433292,73.87028770399694,6.578633725530934,23,0.0,1,0.0,1.0,0.0,0.0,1.0,0.0,1.0,0.0,0.0,0.0,0.0
820,13.993844521255973,78.86423586140575,100.0,8.2294835460577,23,0.0,1,0.0,1.0,0.0,0.0,0.0,1.0,0.0,0.0,0.0,0.0,1.0
821,6.42391102162492,70.50819753105237,93.99094540222472,7.02070110592484,25,1.0,1,1.0,0.0,0.0,0.0,1.0,0.0,0.0,0.0,0.0,0.0,1.0
822,2.432055342364736,75.36243598079986,84.84273645616761,7.156477145537748,27,0.0,0,1.0,0.0,0.0,1.0,0.0,0.0,0.0,0.0,0.0,0.0,1.0
823,11.989589596836309,75.52322930079738,46.774134605309584,8.005836160934287,29,2.0,1,0.0,1.0,0.0,0.0,1.0,0.0,0.0,0.0,0.0,0.0,1.0
824,11.509273940851235,76.25503549911663,98.9953201053696,7.02070110592484,22,0.0,1,0.0,1.0,0.0,1.0,0.0,0.0,1.0,0.0,0.0,0.0,0.0
825,12.085011833038877,93.69952529561688,100.0,8.05347312145689,26,1.0,1,0.0,1.0,0.0,1.0,0.0,0.0,0.0,0.0,0.0,1.0,0.0
826,11.145322281179922,61.22524185971612,100.0,6.625417890677698,18,1.0,1,1.0,0.0,0.0,0.0,1.0,0.0,1.0,0.0,0.0,0.0,0.0
827,12.460684114041904,66.29299549212814,88.79057807980766,7.035758594773377,26,1.0,1,1.0,0.0,0.0,1.0,0.0,0.0,0.0,0.0,0.0,1.0,0.0
828,5.884141945307056,59.752332896422935,68.54136014946782,4.39190342813622,27,1.0,1,0.0,1.0,1.0,0.0,0.0,0.0,0.0,0.0,1.0,0.0,0.0
829,20.06835702883172,100.0,99.51885497805986,7.351328790871929,24,2.0,1,0.0,1.0,1.0,0.0,0.0,0.0,1.0,0.0,0.0,0.0,0.0
830,11.561880216614174,81.37006349978627,71.08599643397592,7.02070110592484,21,1.0,1,0.0,1.0,0.0,0.0,1.0,0.0,0.0,0.0,0.0,1.0,0.0
831,11.235668169290616,79.36217113307448,64.81595912271598,6.423437851338438,20,1.0,1,0.0,1.0,0.0,0.0,1.0,0.0,1.0,0.0,0.0,0.0,0.0
832,6.848730875564463,87.101153879431,60.172247923177295,6.374496450088337,27,0.0,1,1.0,0.0,0.0,0.0,0.0,1.0,0.0,0.0,0.0,1.0,0.0
833,7.6239312996908755,49.13196916956386,65.88719372524241,7.02070110592484,28,1.0,1,0.0,1.0,0.0,0.0,1.0,0.0,0.0,0.0,0.0,0.0,1.0
834,14.497669302960936,97.17186173320611,79.6843838782924,7.890909308333867,23,2.0,1,0.0,1.0,0.0,1.0,0.0,0.0,0.0,0.0,0.0,0.0,1.0
835,10.09409820725652,46.30047470438312,81.30023446685254,6.5981743486239255,29,1.0,1,0.0,1.0,0.0,0.0,0.0,1.0,0.0,0.0,0.0,1.0,0.0
836,8.252584969826527,70.73421576972405,56.55339563166287,7.824424436604556,18,2.0,1,0.0,1.0,1.0,0.0,0.0,0.0,1.0,0.0,0.0,0.0,0.0
837,10.97850089150602,72.24778953557873,52.102080535698775,4.0,20,1.0,1,0.0,1.0,0.0,0.0,0.0,1.0,0.0,0.0,0.0,1.0,0.0
838,1.0,85.66613192308894,76.98547497447949,6.158009358943011,19,0.0,1,1.0,0.0,0.0,0.0,0.0,1.0,0.0,0.0,0.0,1.0,0.0
839,11.496148662285918,100.0,39.02674845966547,6.100095233610025,28,0.0,1,1.0,0.0,0.0,0.0,0.0,1.0,0.0,0.0,0.0,0.0,1.0
840,8.503851337714082,75.282270954684,55.45026880115867,8.807403150830606,26,1.0,1,0.0,1.0,0.0,0.0,1.0,0.0,1.0,0.0,0.0,0.0,0.0
841,14.294548019751788,82.34757416407884,29.20024335747147,7.316604647373936,20,1.0,1,0.0,1.0,0.0,0.0,1.0,0.0,0.0,0.0,0.0,0.0,1.0
842,5.919250564886703,91.27177825933732,83.72479852420946,7.540257585931239,19,1.0,1,1.0,0.0,0.0,1.0,0.0,0.0,1.0,0.0,0.0,0.0,0.0
843,7.482513048040625,59.41705027243913,55.36919217907453,7.02070110592484,21,0.0,1,1.0,0.0,0.0,0.0,0.0,1.0,0.0,0.0,1.0,0.0,0.0
844,19.329260453567517,84.30239502521748,100.0,6.555089894354837,19,1.0,1,0.0,1.0,0.0,0.0,1.0,0.0,0.0,0.0,0.0,0.0,1.0
845,9.098116575445124,64.1126194614252,71.4434604202722,4.134100602761234,18,1.0,1,1.0,0.0,0.0,0.0,0.0,1.0,1.0,0.0,0.0,0.0,0.0
846,15.92223409453023,81.52112969756472,78.14938920269229,5.887918594238297,23,1.0,1,0.0,1.0,0.0,1.0,0.0,0.0,0.0,0.0,1.0,0.0,0.0
847,18.637327832398068,70.99811819917213,84.05716958784929,5.52768941343059,27,0.0,1,0.0,1.0,0.0,0.0,0.0,1.0,0.0,0.0,0.0,0.0,1.0
848,19.884716128626664,84.84545252922823,85.87578269271778,6.459742414068761,25,0.0,1,0.0,1.0,0.0,0.0,0.0,1.0,0.0,0.0,1.0,0.0,0.0
849,12.924919380094622,84.54140061059263,100.0,7.02070110592484,27,0.0,1,1.0,0.0,0.0,1.0,0.0,0.0,1.0,0.0,0.0,0.0,0.0
850,4.202424022361788,69.52945957511189,60.69564408649968,6.231909122274473,27,0.0,0,1.0,0.0,0.0,0.0,1.0,0.0,0.0,0.0,0.0,1.0,0.0
851,1.0,57.386404740305295,87.36117729846944,7.339734064911238,19,0.0,1,1.0,0.0,0.0,0.0,0.0,1.0,0.0,0.0,0.0,0.0,1.0
852,3.896798255763249,61.75575563395445,75.37639282902607,6.706449732548194,26,0.0,1,1.0,0.0,0.0,0.0,1.0,0.0,0.0,0.0,0.0,0.0,1.0
853,11.760756984894662,76.296114905053,32.119786644444936,6.941647840909378,20,1.0,1,0.0,1.0,0.0,0.0,1.0,0.0,1.0,0.0,0.0,0.0,0.0
854,7.0303023055537786,76.70957921171672,49.829846219064585,8.234757416407883,25,1.0,1,1.0,0.0,0.0,0.0,1.0,0.0,0.0,0.0,0.0,0.0,1.0
855,12.292128392923836,71.33788744010846,61.462917039151904,8.131996404209655,29,2.0,1,1.0,0.0,0.0,1.0,0.0,0.0,0.0,0.0,0.0,1.0,0.0
856,1.0,33.146440380312555,77.8955921130272,7.02070110592484,25,0.0,1,1.0,0.0,1.0,0.0,0.0,0.0,0.0,0.0,0.0,0.0,1.0
857,12.33401631827294,53.18409783815203,83.94610561562223,7.405728218540831,20,1.0,1,1.0,0.0,0.0,1.0,0.0,0.0,0.0,0.0,1.0,0.0,0.0
858,12.306073022852942,67.06449732548194,47.821740963748816,7.8069705772245745,20,1.0,1,1.0,0.0,0.0,0.0,1.0,0.0,1.0,0.0,0.0,0.0,0.0
859,11.774111488567062,94.8121717980732,90.97537808502388,9.019578466667303,29,0.0,1,1.0,0.0,0.0,1.0,0.0,0.0,0.0,0.0,0.0,0.0,1.0
860,11.261554259658284,63.37351236834754,68.43553163969194,9.369952529561688,23,2.0,1,0.0,1.0,0.0,0.0,0.0,1.0,0.0,0.0,0.0,0.0,1.0
861,13.13598178800061,88.87761533570156,100.0,8.272111980322197,18,0.0,1,0.0,1.0,0.0,0.0,0.0,1.0,1.0,0.0,0.0,0.0,0.0
862,7.553466826720808,63.414981872442496,88.53708296084807,9.31889097717491,21,2.0,1,1.0,0.0,0.0,0.0,0.0,1.0,1.0,0.0,0.0,0.0,0.0
863,2.804993424530249,54.96915283243942,85.47074026684633,7.837588346879674,18,2.0,1,1.0,0.0,0.0,1.0,0.0,0.0,0.0,0.0,0.0,0.0,1.0
864,4.556387496298592,79.9643081249614,89.8938889542025,6.698772910161382,20,1.0,1,0.0,1.0,0.0,0.0,0.0,1.0,0.0,0.0,0.0,1.0,0.0
865,6.108875469725719,39.50344372282871,86.81898114854098,7.099811819917213,26,1.0,1,1.0,0.0,0.0,1.0,0.0,0.0,0.0,0.0,0.0,0.0,1.0
866,6.326009483917997,60.59205463599817,84.11280627475759,8.126999054558912,22,1.0,1,1.0,0.0,0.0,1.0,0.0,0.0,1.0,0.0,0.0,0.0,0.0
867,6.142751622351809,95.91198349719426,85.35580549044734,9.466552805145756,29,1.0,1,1.0,0.0,0.0,0.0,0.0,1.0,1.0,0.0,0.0,0.0,0.0
868,3.47939298100068,49.230576125682646,99.84121144927002,5.847887030243528,22,1.0,0,1.0,0.0,0.0,0.0,1.0,0.0,0.0,0.0,0.0,0.0,1.0
869,10.10664642571918,76.75120217704934,45.34479632083166,7.464613797307795,28,0.0,1,1.0,0.0,0.0,0.0,0.0,1.0,0.0,1.0,0.0,0.0,0.0
870,15.822218529854908,100.0,86.16784462506233,7.6834604706068195,21,0.0,1,0.0,1.0,0.0,0.0,0.0,1.0,0.0,0.0,0.0,0.0,1.0
871,10.370436372306928,57.54648763620517,63.94926259302051,6.431534017695395,20,1.0,1,1.0,0.0,0.0,0.0,0.0,1.0,0.0,1.0,0.0,0.0,0.0
872,8.56932532122541,52.38420212929475,82.36430573439652,7.917993690549392,22,1.0,1,1.0,0.0,0.0,0.0,0.0,1.0,0.0,0.0,0.0,0.0,1.0
873,1.0,51.69039476728975,52.48447598539969,6.93034641284421,28,2.0,0,1.0,0.0,0.0,0.0,1.0,0.0,1.0,0.0,0.0,0.0,0.0
874,20.372223043627887,89.12953711903229,78.8628633362648,8.761579787070525,21,0.0,1,0.0,1.0,0.0,1.0,0.0,0.0,1.0,0.0,0.0,0.0,0.0
875,1.0692221936946158,56.56330271674616,100.0,9.526695526786806,25,2.0,1,1.0,0.0,0.0,0.0,1.0,0.0,0.0,0.0,1.0,0.0,0.0
876,9.91844941857338,64.8776101621166,61.20942192019234,6.782830591522966,21,0.0,1,0.0,1.0,1.0,0.0,0.0,0.0,0.0,1.0,0.0,0.0,0.0
877,14.592488539825569,72.70565027366463,59.23089384025049,8.540870078186,28,1.0,1,0.0,1.0,0.0,0.0,1.0,0.0,0.0,0.0,0.0,0.0,1.0
878,8.634554886736293,72.1716940847704,70.3156161217076,5.627982038092141,29,1.0,1,1.0,0.0,0.0,1.0,0.0,0.0,0.0,1.0,0.0,0.0,0.0
879,19.63201576481993,75.40257585931239,81.72355748468382,7.02070110592484,25,1.0,1,0.0,1.0,0.0,0.0,0.0,1.0,0.0,0.0,0.0,0.0,1.0
880,11.016894830716751,61.79949411406034,54.284207562910254,5.639379633585546,23,0.0,1,1.0,0.0,0.0,0.0,1.0,0.0,0.0,0.0,0.0,1.0,0.0
881,9.71757192599924,55.81575599885021,62.63882270153056,7.02070110592484,29,1.0,1,0.0,1.0,0.0,1.0,0.0,0.0,0.0,0.0,0.0,0.0,1.0
882,10.584704374213684,100.0,55.04160682052399,7.568465982304605,28,2.0,1,0.0,1.0,0.0,0.0,1.0,0.0,0.0,0.0,1.0,0.0,0.0
883,6.694190628551313,61.40326912889237,31.60611871649185,7.02070110592484,22,1.0,1,1.0,0.0,0.0,0.0,1.0,0.0,0.0,0.0,0.0,0.0,1.0
884,1.629071120446767,42.01221863929746,86.40321812753831,7.580616524536783,21,1.0,1,1.0,0.0,0.0,0.0,1.0,0.0,1.0,0.0,0.0,0.0,0.0
885,15.115016280351178,81.07133271106792,72.00294728589502,7.077190030144943,21,2.0,0,0.0,1.0,1.0,0.0,0.0,0.0,0.0,0.0,0.0,0.0,1.0
886,12.791961156265582,92.58620508568512,100.0,10.0,29,1.0,1,0.0,1.0,0.0,0.0,1.0,0.0,0.0,0.0,0.0,0.0,1.0
887,8.983105169283249,67.90434551677207,58.466045403234034,5.2607272067085376,21,1.0,1,1.0,0.0,0.0,0.0,1.0,0.0,0.0,1.0,0.0,0.0,0.0
888,12.112413862260528,76.17301685360965,99.2027452826662,6.983062962578305,28,0.0,1,0.0,1.0,1.0,0.0,0.0,0.0,0.0,0.0,0.0,0.0,1.0
889,15.265531319938155,76.13207679055685,90.70072099753784,8.478415625300904,26,2.0,1,1.0,0.0,0.0,1.0,0.0,0.0,0.0,0.0,0.0,0.0,1.0
890,12.34801529591208,75.64424115676935,100.0,7.429202403632376,21,1.0,1,0.0,1.0,0.0,1.0,0.0,0.0,1.0,0.0,0.0,0.0,0.0
891,8.86755311696254,80.97272945478984,48.07228711110263,7.02070110592484,29,0.0,1,0.0,1.0,0.0,0.0,0.0,1.0,1.0,0.0,0.0,0.0,0.0
892,6.293061980794325,46.8110902282509,74.22197121212506,4.0,26,0.0,1,1.0,0.0,0.0,1.0,0.0,0.0,0.0,0.0,1.0,0.0,0.0
893,14.907701955231367,84.24320905166854,92.6177623917386,6.059205463599817,27,2.0,1,1.0,0.0,0.0,0.0,0.0,1.0,0.0,0.0,1.0,0.0,0.0
894,9.805492803031262,65.07664872976896,91.60468315172643,4.68110902282509,23,0.0,0,1.0,0.0,0.0,0.0,1.0,0.0,1.0,0.0,0.0,0.0,0.0
895,5.777574610496851,79.54579780554786,77.38935206856932,7.182992642454397,27,2.0,1,1.0,0.0,0.0,0.0,0.0,1.0,1.0,0.0,0.0,0.0,0.0
896,17.266397870903997,78.46400199637789,75.47678126364502,7.201966869777762,24,0.0,1,0.0,1.0,0.0,0.0,1.0,0.0,1.0,0.0,0.0,0.0,0.0
897,19.05728724440207,79.63814866532971,85.4132298914503,7.058352159090622,29,1.0,1,0.0,1.0,0.0,1.0,0.0,0.0,1.0,0.0,0.0,0.0,0.0
898,9.402661982857673,70.31993927715753,62.14913511289372,8.400864911891581,27,1.0,1,1.0,0.0,0.0,1.0,0.0,0.0,0.0,0.0,1.0,0.0,0.0
899,1.0,69.83062962578305,65.10058083067128,7.220973470154788,20,1.0,1,0.0,1.0,0.0,1.0,0.0,0.0,0.0,0.0,0.0,0.0,1.0
900,15.376032540942196,74.17452531348692,64.41397811382652,9.69799386552509,25,2.0,1,0.0,1.0,0.0,0.0,0.0,1.0,0.0,0.0,0.0,0.0,1.0
901,9.440551798792074,60.50024207133188,75.52697982783619,7.02070110592484,20,1.0,1,0.0,1.0,0.0,0.0,1.0,0.0,0.0,1.0,0.0,0.0,0.0
902,14.42296321190417,93.83156437859176,70.57312596931668,6.08654096843611,18,1.0,1,1.0,0.0,0.0,1.0,0.0,0.0,0.0,0.0,0.0,0.0,1.0
903,11.654362858632096,75.4427544627029,91.6756199825022,7.77668541178355,27,0.0,1,1.0,0.0,0.0,0.0,1.0,0.0,0.0,0.0,0.0,1.0,0.0
904,17.567944657635266,59.657066440144256,95.88817589745192,5.515454747077178,29,0.0,1,0.0,1.0,0.0,0.0,0.0,1.0,0.0,0.0,0.0,1.0,0.0
905,2.011507889542882,54.59129921813999,77.33881749685474,8.360620366414453,22,0.0,1,1.0,0.0,0.0,0.0,1.0,0.0,0.0,0.0,0.0,0.0,1.0
906,8.970293965500987,79.49975792866812,75.0752743000779,5.509300228502779,19,1.0,1,1.0,0.0,0.0,1.0,0.0,0.0,0.0,0.0,0.0,0.0,1.0
907,14.028460372909509,81.12081405761703,75.87848049080529,6.937881097929035,27,0.0,1,1.0,0.0,0.0,1.0,0.0,0.0,0.0,1.0,0.0,0.0,0.0
908,18.474613383341435,89.6502503208738,50.15878855072997,5.253334441043528,23,0.0,1,0.0,1.0,0.0,1.0,0.0,0.0,1.0,0.0,0.0,0.0,0.0
909,8.105113392317984,59.12540191583028,68.64700812977813,6.854871205674423,27,1.0,1,1.0,0.0,0.0,0.0,0.0,1.0,0.0,0.0,0.0,0.0,1.0
910,1.826265160433428,64.91748896998108,66.44048205894968,7.02070110592484,26,1.0,1,1.0,0.0,0.0,0.0,0.0,1.0,0.0,0.0,1.0,0.0,0.0
911,9.968635576657132,79.17993690549392,85.18404087728402,7.02070110592484,18,1.0,1,1.0,0.0,0.0,0.0,1.0,0.0,1.0,0.0,0.0,0.0,0.0
912,18.869609307585183,83.1579346957354,68.17014688282212,5.311335698904977,21,0.0,1,0.0,1.0,0.0,0.0,1.0,0.0,0.0,0.0,0.0,0.0,1.0
913,17.647790930710684,62.9139018892806,64.47166264857744,7.02070110592484,18,0.0,1,0.0,1.0,0.0,0.0,1.0,0.0,0.0,0.0,0.0,0.0,1.0
914,8.30582965666036,81.42029011696458,91.53395459676597,7.3551983348228545,18,2.0,1,1.0,0.0,0.0,0.0,0.0,1.0,0.0,0.0,1.0,0.0,0.0
915,7.2810543268205565,79.40794536400183,100.0,8.18782571370615,25,0.0,1,1.0,0.0,0.0,1.0,0.0,0.0,0.0,0.0,0.0,0.0,1.0
916,9.30144850559069,58.62993650021373,77.94631293539717,8.332464017256681,28,2.0,1,1.0,0.0,0.0,0.0,0.0,1.0,0.0,0.0,1.0,0.0,0.0
917,1.729276067308934,61.00095233610025,70.1090496921374,4.94251416164102,19,2.0,1,1.0,0.0,0.0,0.0,1.0,0.0,1.0,0.0,0.0,0.0,0.0
918,7.791170789449181,99.14054518719048,79.99442812429734,6.683395352626063,18,1.0,0,1.0,0.0,0.0,0.0,1.0,0.0,1.0,0.0,0.0,0.0,0.0
919,9.930996530841044,67.33259531520414,98.19030391055284,6.809421349868312,28,0.0,1,0.0,1.0,0.0,0.0,1.0,0.0,0.0,0.0,0.0,1.0,0.0
920,8.854677718820078,60.36185133467029,100.0,5.339410972118882,25,2.0,1,1.0,0.0,1.0,0.0,0.0,0.0,0.0,0.0,0.0,1.0,0.0
921,9.326777100740792,64.63756401920014,88.66355613810276,7.370700450787185,21,1.0,1,1.0,0.0,0.0,1.0,0.0,0.0,0.0,0.0,0.0,0.0,1.0
922,4.821051890727564,73.05068449215025,100.0,9.410132603453864,20,1.0,1,1.0,0.0,0.0,1.0,0.0,0.0,0.0,0.0,0.0,0.0,1.0
923,16.92314129143912,73.12757200588497,28.48055083854689,7.02070110592484,29,1.0,1,0.0,1.0,1.0,0.0,0.0,0.0,0.0,0.0,1.0,0.0,0.0
924,16.57978928059188,70.05645572505843,63.71466400482949,5.026063215822436,21,0.0,1,0.0,1.0,0.0,0.0,0.0,1.0,1.0,0.0,0.0,0.0,0.0
925,8.543165787304158,44.08801650280573,56.244044639393806,7.58873805385748,28,0.0,0,1.0,0.0,0.0,1.0,0.0,0.0,0.0,1.0,0.0,0.0,0.0
926,14.767465008405823,78.24424436604555,100.0,8.167337359082284,22,1.0,1,0.0,1.0,0.0,0.0,0.0,1.0,0.0,0.0,0.0,1.0,0.0
927,14.82710153456042,100.0,72.81269797676458,7.646090948943187,18,1.0,1,1.0,0.0,0.0,0.0,1.0,0.0,0.0,0.0,0.0,0.0,1.0
928,11.055348824579786,48.092032269801535,68.01033987930603,6.471772904531601,28,1.0,1,1.0,0.0,0.0,0.0,1.0,0.0,0.0,1.0,0.0,0.0,0.0
929,1.0,65.19565486214377,54.025047745471376,8.460173093639629,18,1.0,0,1.0,0.0,0.0,0.0,1.0,0.0,0.0,0.0,0.0,0.0,1.0
930,13.624866028056571,69.22809969855057,79.73597779763806,6.153599800362212,20,1.0,1,0.0,1.0,0.0,0.0,1.0,0.0,1.0,0.0,0.0,0.0,0.0
931,2.056145207136078,38.55219126358558,36.14593975041271,6.8926427902335705,23,1.0,0,1.0,0.0,0.0,1.0,0.0,0.0,0.0,0.0,1.0,0.0,0.0
932,5.483496888555689,58.52935489320419,50.26695516960187,6.998118146447313,18,2.0,1,1.0,0.0,0.0,1.0,0.0,0.0,0.0,0.0,0.0,0.0,1.0
933,5.650768309931291,80.67971657867088,100.0,7.02070110592484,28,0.0,1,0.0,1.0,0.0,0.0,1.0,0.0,0.0,0.0,0.0,0.0,1.0
934,5.051515823590592,72.93550267451806,76.17997878612286,8.94740664740718,29,1.0,1,1.0,0.0,0.0,0.0,0.0,1.0,0.0,0.0,0.0,0.0,1.0
935,14.063270395748486,75.04266811351286,100.0,6.036185133467028,19,0.0,1,1.0,0.0,0.0,0.0,0.0,1.0,0.0,0.0,1.0,0.0,0.0
936,4.646277014653947,78.20050588593966,99.0987086777414,7.413541628073935,29,1.0,1,1.0,0.0,1.0,0.0,0.0,0.0,0.0,0.0,0.0,0.0,1.0
937,5.15286646313579,74.25282888244944,48.91757192400272,8.182682961981213,24,1.0,1,0.0,1.0,0.0,0.0,0.0,1.0,0.0,1.0,0.0,0.0,0.0
938,9.250736821473756,66.64126303052326,92.25087428830076,6.353909051056814,18,2.0,1,1.0,0.0,0.0,0.0,0.0,1.0,0.0,0.0,0.0,0.0,1.0
939,8.319110628829044,71.75411312264106,96.95689567416996,6.003569187503859,24,0.0,1,1.0,0.0,0.0,0.0,0.0,1.0,0.0,0.0,0.0,1.0,0.0
940,13.51157707152296,75.72511980648343,100.0,9.21290404217029,21,2.0,1,0.0,1.0,0.0,0.0,0.0,1.0,0.0,0.0,0.0,0.0,1.0
941,13.87416422409038,63.580361544212266,67.90355404573175,7.02070110592484,27,0.0,1,1.0,0.0,0.0,0.0,1.0,0.0,0.0,0.0,1.0,0.0,0.0
942,12.880374438243468,74.9630885758963,87.54392715200244,6.1973757773705165,23,1.0,1,0.0,1.0,0.0,0.0,0.0,1.0,0.0,0.0,0.0,0.0,1.0
943,11.391508437828977,67.59984383073332,90.63251890680954,4.0,25,0.0,1,0.0,1.0,0.0,0.0,0.0,1.0,0.0,0.0,0.0,0.0,1.0
944,5.759626732259344,62.361969342036986,60.63076007492975,5.951337868325159,26,2.0,1,1.0,0.0,0.0,1.0,0.0,0.0,0.0,0.0,0.0,1.0,0.0
945,25.0,90.86803083043613,100.0,7.899904766389975,23,1.0,1,0.0,1.0,0.0,0.0,0.0,1.0,0.0,0.0,0.0,1.0,0.0
946,17.81360743611168,79.08932705516115,72.61064793143069,7.738205234212572,29,1.0,1,0.0,1.0,0.0,0.0,1.0,0.0,1.0,0.0,0.0,0.0,0.0
947,4.6015503572112575,72.97387704969847,61.27300210343289,7.72548695016815,28,2.0,0,1.0,0.0,0.0,0.0,1.0,0.0,0.0,1.0,0.0,0.0,0.0
948,12.057672284536553,63.82698314639034,70.932420677133,7.02070110592484,26,0.0,1,1.0,0.0,0.0,0.0,1.0,0.0,1.0,0.0,0.0,0.0,0.0
949,11.894886607682016,81.57174513294457,56.39927640552574,7.164047651742656,21,0.0,1,0.0,1.0,0.0,1.0,0.0,0.0,0.0,0.0,0.0,1.0,0.0
950,4.347412851072727,60.31553876086027,57.233813103244245,7.013173140741391,23,2.0,0,1.0,0.0,0.0,0.0,0.0,1.0,0.0,0.0,0.0,0.0,1.0
951,5.407511460174463,73.78466277897485,94.38853414745684,8.7101153879431,25,1.0,1,1.0,0.0,0.0,0.0,0.0,1.0,1.0,0.0,0.0,0.0,0.0
952,13.044863438546296,80.3907234539351,98.38801329035384,6.27451304983185,26,0.0,1,0.0,1.0,0.0,0.0,0.0,1.0,1.0,0.0,0.0,0.0,0.0
953,11.88141371892312,56.95230492979388,76.43142946355239,7.02070110592484,20,1.0,1,1.0,0.0,0.0,0.0,0.0,1.0,0.0,1.0,0.0,0.0,0.0
954,3.707461554766146,64.59742414068761,85.29846633517383,7.02070110592484,19,1.0,1,1.0,0.0,0.0,0.0,0.0,1.0,0.0,0.0,0.0,1.0,0.0
955,1.0,66.71840397082623,77.18730202323542,6.403123120949108,23,0.0,1,1.0,0.0,0.0,0.0,0.0,1.0,0.0,0.0,0.0,0.0,1.0
956,15.15754380108822,80.92360532951108,42.11262926472324,6.866211255989154,21,0.0,1,0.0,1.0,0.0,0.0,1.0,0.0,0.0,0.0,0.0,0.0,1.0
957,8.931819405844186,94.37911596894564,56.47647351394775,6.25328638677125,18,0.0,1,0.0,1.0,1.0,0.0,0.0,0.0,1.0,0.0,0.0,0.0,0.0
958,11.222737576965647,69.90590672997139,77.49046732166136,7.600952875710745,25,1.0,1,0.0,1.0,0.0,0.0,1.0,0.0,0.0,0.0,1.0,0.0,0.0
959,16.40490698756639,100.0,48.79966623883506,7.278219450947915,26,2.0,1,0.0,1.0,0.0,1.0,0.0,0.0,0.0,0.0,0.0,0.0,1.0
960,8.712525791334254,69.86826859258609,44.24617500255896,7.02070110592484,26,2.0,1,1.0,0.0,0.0,1.0,0.0,0.0,0.0,0.0,0.0,0.0,1.0
961,15.74870878521796,73.24305820847343,100.0,8.424320905166855,19,1.0,1,0.0,1.0,0.0,0.0,1.0,0.0,0.0,0.0,0.0,1.0,0.0
962,3.449916559708765,68.28377661054998,78.91400356602408,9.258620508568512,26,0.0,1,1.0,0.0,0.0,0.0,1.0,0.0,0.0,0.0,0.0,0.0,1.0
963,13.95941904568716,67.44722913831447,61.39974843262398,7.02070110592484,24,2.0,1,0.0,1.0,1.0,0.0,0.0,0.0,0.0,0.0,1.0,0.0,0.0
964,11.908373268827813,71.18680450237643,62.94113812303519,7.476474390266641,22,1.0,1,1.0,0.0,0.0,0.0,0.0,1.0,0.0,0.0,1.0,0.0,0.0
965,7.439697074248244,56.73111036428749,87.42197856068196,6.467766553429882,24,0.0,1,1.0,0.0,0.0,1.0,0.0,0.0,1.0,0.0,0.0,0.0,0.0
966,2.1001582347943737,49.03245206543344,78.2510479190525,8.218981118724546,26,2.0,1,1.0,0.0,0.0,0.0,0.0,1.0,0.0,0.0,0.0,1.0,0.0
967,11.867954476826736,52.97073686222572,67.36650692468875,7.798284596378957,25,1.0,1,0.0,1.0,0.0,0.0,1.0,0.0,0.0,0.0,1.0,0.0,0.0
968,13.69044423702264,83.4930079088828,95.46006512140472,6.877543664770943,23,1.0,1,1.0,0.0,0.0,0.0,1.0,0.0,1.0,0.0,0.0,0.0,0.0
969,7.222689148615096,67.67605712093834,64.12421730728222,9.992456456241692,21,1.0,0,1.0,0.0,0.0,0.0,1.0,0.0,1.0,0.0,0.0,0.0,0.0
970,23.25865992373693,100.0,100.0,4.1794713318942645,18,0.0,1,0.0,1.0,0.0,0.0,0.0,1.0,0.0,0.0,1.0,0.0,0.0
971,1.0,42.63166096294377,62.02551157795854,4.655917769166496,23,0.0,0,1.0,0.0,0.0,0.0,1.0,0.0,1.0,0.0,0.0,0.0,0.0
972,9.880804684088742,86.3990840498179,64.87304685277843,8.58622752157427,20,1.0,1,1.0,0.0,0.0,0.0,0.0,1.0,0.0,0.0,0.0,1.0,0.0
973,15.652587148927273,86.53660550522748,91.81812701292628,7.270565027366462,23,0.0,1,0.0,1.0,0.0,0.0,1.0,0.0,0.0,0.0,0.0,0.0,1.0
974,1.0,30.224020228789197,20.0,4.339117207724444,23,1.0,0,1.0,0.0,1.0,0.0,0.0,0.0,0.0,0.0,0.0,0.0,1.0
975,12.73350196197988,88.5497836227986,94.87599695329628,9.158501972640927,21,1.0,1,1.0,0.0,0.0,0.0,0.0,1.0,0.0,0.0,0.0,0.0,1.0
976,10.800052056422226,55.69760497478252,50.37440314440588,5.008027593817192,19,1.0,1,1.0,0.0,0.0,0.0,0.0,1.0,0.0,0.0,0.0,0.0,1.0
977,9.730136764737937,74.92335127023105,100.0,7.02070110592484,26,1.0,1,0.0,1.0,0.0,0.0,0.0,1.0,0.0,0.0,0.0,0.0,1.0
978,11.196900813358765,76.96010683842027,75.97895435963207,9.235502716495477,19,1.0,1,0.0,1.0,0.0,1.0,0.0,0.0,0.0,0.0,0.0,1.0,0.0
979,13.014715469241205,62.31909122274473,64.5867701085497,7.02070110592484,20,2.0,1,1.0,0.0,0.0,0.0,1.0,0.0,0.0,0.0,1.0,0.0,0.0
980,13.090294324617362,77.72384975138101,63.89075659446039,8.904496577770995,27,1.0,1,0.0,1.0,0.0,0.0,0.0,1.0,0.0,0.0,1.0,0.0,0.0
981,7.178666001207372,53.394109721188826,49.03457803457095,7.641963845578774,18,0.0,1,1.0,0.0,0.0,0.0,0.0,1.0,1.0,0.0,0.0,0.0,0.0
982,9.352088431639316,74.64613797307796,89.56480710601477,7.02070110592484,24,0.0,1,1.0,0.0,0.0,0.0,0.0,1.0,0.0,0.0,1.0,0.0,0.0
983,15.031052583226703,57.91461888127148,70.26402220236194,7.02070110592484,18,1.0,1,0.0,1.0,0.0,0.0,1.0,0.0,1.0,0.0,0.0,0.0,0.0
984,5.954159128202209,35.650182518103605,71.49443142813959,5.770516453942299,28,0.0,0,1.0,0.0,0.0,1.0,0.0,0.0,0.0,0.0,0.0,1.0,0.0
985,8.582390372516855,87.54100996776539,79.32407761129791,7.700204895481882,26,0.0,1,1.0,0.0,0.0,0.0,1.0,0.0,0.0,0.0,0.0,0.0,1.0
986,2.352209069289315,43.746675743149225,98.28887411941965,9.246994898208008,28,0.0,1,1.0,0.0,0.0,0.0,1.0,0.0,0.0,0.0,0.0,1.0,0.0
987,4.863766406046662,51.769419290503365,91.11384149163804,6.390881764373962,28,1.0,1,0.0,1.0,0.0,0.0,1.0,0.0,0.0,0.0,1.0,0.0,0.0
988,9.238047052462662,73.70700450787184,68.38254856547161,7.001881853552687,18,2.0,0,1.0,0.0,0.0,0.0,0.0,1.0,0.0,0.0,0.0,0.0,1.0
989,8.023982383628399,61.18054222749717,43.04603155817153,8.024766710357707,22,0.0,1,0.0,1.0,0.0,1.0,0.0,0.0,1.0,0.0,0.0,0.0,0.0
990,10.99129234989949,60.865409684361104,85.99232582139408,4.9616305722811616,24,1.0,1,0.0,1.0,0.0,0.0,0.0,1.0,1.0,0.0,0.0,0.0,0.0
991,13.942276539937378,87.91942661014878,100.0,7.378466277897485,20,1.0,1,0.0,1.0,0.0,0.0,0.0,1.0,0.0,0.0,0.0,0.0,1.0
992,9.94354320859435,68.43522854462252,79.47831595930232,8.674553335436142,26,0.0,1,0.0,1.0,0.0,1.0,0.0,0.0,1.0,0.0,0.0,0.0,0.0
993,10.383017723753232,78.37588346879674,98.79044431490728,8.015281222063606,25,2.0,0,1.0,0.0,0.0,0.0,1.0,0.0,0.0,0.0,0.0,0.0,1.0
994,1.0,69.64241405226623,31.06212295614553,6.798033130222238,20,1.0,1,1.0,0.0,1.0,0.0,0.0,0.0,0.0,0.0,0.0,0.0,1.0
995,12.821333998792628,79.4538073733066,87.05886187696481,5.581575599885022,22,1.0,1,0.0,1.0,0.0,0.0,1.0,0.0,0.0,0.0,0.0,1.0,0.0
996,15.200447749003992,87.24612635565387,90.16008466638168,6.063782886692552,24,1.0,1,0.0,1.0,0.0,1.0,0.0,0.0,1.0,0.0,0.0,0.0,0.0
997,8.15892356640087,53.32446883692034,61.52595089173326,6.562949736191248,29,0.0,1,1.0,0.0,0.0,0.0,1.0,0.0,0.0,0.0,0.0,1.0,0.0
998,18.58207573816238,88.30960523271024,96.32607803630664,6.691088189650296,21,1.0,1,0.0,1.0,0.0,0.0,1.0,0.0,0.0,0.0,1.0,0.0,0.0
999,4.968947416773296,64.2343785133844,100.0,5.200350992097281,22,0.0,1,1.0,0.0,0.0,0.0,1.0,0.0,0.0,0.0,0.0,0.0,1.0
