,nota_anterior,horas_sueno,edad,nivel_dificultad,nota_final,horas_estudio_semanal_wins,tasa_asistencia_wins,tiene_tutor_No,tiene_tutor_Sí,horario_estudio_preferido_Desconocido,horario_estudio_preferido_Mañana,horario_estudio_preferido_Noche,horario_estudio_preferido_Tarde,estilo_aprendizaje_Auditivo,estilo_aprendizaje_Desconocido,estilo_aprendizaje_Kinestésico,estilo_aprendizaje_Lectura/Escritura,estilo_aprendizaje_Visual
0,48.83060095398218,6.675694179152657,25,0.0,84.4,8.957475998038344,86.64018172631499,0.0,1.0,0.0,0.0,0.0,1.0,0.0,0.0,0.0,1.0,0.0
1,80.82570664326124,4.616843562140823,18,2.0,72.0,11.042524001961656,83.44965544904211,1.0,0.0,0.0,0.0,0.0,1.0,0.0,1.0,0.0,0.0,0.0
2,90.38369427718838,7.755246085587813,25,0.0,80.0,4.510776081457513,74.62360717097394,1.0,0.0,0.0,1.0,0.0,0.0,0.0,0.0,0.0,1.0,0.0
3,81.87825713706148,8.592826202315608,23,0.0,78.2,6.64721279688571,82.84984071809973,1.0,0.0,1.0,0.0,0.0,0.0,0.0,0.0,0.0,0.0,1.0
4,66.25417890677699,6.671840397082623,21,1.0,66.0,1.0,54.53993487859529,1.0,0.0,1.0,0.0,0.0,0.0,1.0,0.0,0.0,0.0,0.0
5,73.08911810349704,8.50931577496801,29,2.0,68.0,6.407690018732439,79.78760325343505,1.0,0.0,0.0,1.0,0.0,0.0,0.0,0.0,0.0,0.0,1.0
6,91.0679966076932,4.589867396546137,25,0.0,75.5,13.415889034525687,71.79979177431109,0.0,1.0,0.0,1.0,0.0,0.0,0.0,0.0,0.0,0.0,1.0
7,96.97993865525088,7.02070110592484,20,0.0,86.3,16.237527399210038,51.41196498065036,0.0,1.0,0.0,0.0,1.0,0.0,0.0,0.0,0.0,0.0,1.0
8,62.10374698643311,6.463756401920014,21,1.0,84.8,4.32357895407524,60.824962869609415,1.0,0.0,0.0,1.0,0.0,0.0,0.0,0.0,0.0,0.0,1.0
9,71.82992642454397,7.516230488420608,23,1.0,68.8,7.928665682328723,100.0,0.0,1.0,0.0,0.0,1.0,0.0,0.0,0.0,0.0,0.0,1.0
10,61.580093589430106,7.02070110592484,28,1.0,67.9,12.588951372611838,64.70153366482619,0.0,1.0,1.0,0.0,0.0,0.0,0.0,0.0,0.0,0.0,1.0
11,56.45049066566707,7.87747581402838,24,2.0,54.9,8.608491562171023,64.00767417860592,0.0,1.0,0.0,0.0,1.0,0.0,0.0,0.0,0.0,0.0,1.0
12,87.69102626451223,7.02070110592484,21,2.0,82.4,13.105494640170493,57.89426396705807,1.0,0.0,0.0,0.0,0.0,1.0,0.0,0.0,0.0,1.0,0.0
13,49.89699301098871,7.02070110592484,21,1.0,59.4,2.2286519665770967,76.93505059100768,1.0,0.0,0.0,0.0,0.0,1.0,0.0,0.0,0.0,0.0,1.0
14,47.17712413911181,4.753005101791993,24,1.0,63.4,7.846363503522712,69.22500197685939,1.0,0.0,0.0,0.0,0.0,1.0,0.0,0.0,1.0,0.0,0.0
15,55.33770160086903,6.582547468651307,23,1.0,73.2,3.9231397635011223,58.816636512808834,1.0,0.0,0.0,0.0,0.0,1.0,0.0,0.0,0.0,0.0,1.0
16,77.85305520013475,6.144758640434626,28,0.0,86.9,6.040580954312839,97.70568418369903,1.0,0.0,0.0,0.0,0.0,1.0,0.0,0.0,0.0,1.0,0.0
17,83.26888963571251,5.781018881275454,25,2.0,77.8,12.153636496477286,80.77499802314061,0.0,1.0,0.0,1.0,0.0,0.0,0.0,0.0,0.0,1.0,0.0
18,72.09565448322793,5.842825486705543,18,1.0,73.0,10.458559597426383,57.382237608261406,1.0,0.0,0.0,0.0,1.0,0.0,0.0,0.0,1.0,0.0,0.0
19,86.26292736338812,6.986826859258609,27,0.0,84.5,14.688988840151552,93.67819882522107,1.0,0.0,0.0,0.0,0.0,1.0,0.0,0.0,1.0,0.0,0.0
20,93.56929746365364,8.213752261539337,28,1.0,90.7,13.92518024938446,81.56446836030806,0.0,1.0,0.0,0.0,0.0,1.0,0.0,0.0,0.0,0.0,1.0
21,65.23525609733359,4.157111057820685,24,0.0,63.9,9.792936993096784,68.11692682105856,1.0,0.0,1.0,0.0,0.0,0.0,0.0,0.0,0.0,1.0,0.0
22,68.01830464657932,7.564424115676936,29,1.0,83.9,20.84847032087705,100.0,0.0,1.0,0.0,0.0,0.0,1.0,0.0,0.0,0.0,1.0,0.0
23,55.51869539631874,7.190578650131688,24,1.0,66.0,14.115858054692945,58.18187298707373,0.0,1.0,0.0,0.0,1.0,0.0,0.0,0.0,0.0,1.0,0.0
24,75.7656214866156,7.504266811351287,28,1.0,56.4,2.270363409416968,86.0507374069795,1.0,0.0,0.0,0.0,0.0,1.0,0.0,0.0,1.0,0.0,0.0
25,40.34585161412001,7.742456437699655,24,2.0,54.0,1.0066871149163674,45.494612771062805,1.0,0.0,0.0,0.0,1.0,0.0,0.0,1.0,0.0,0.0,0.0
26,80.87459808416972,7.721259131000218,24,0.0,91.6,17.022665535897733,75.0250913807025,0.0,1.0,0.0,1.0,0.0,0.0,0.0,0.0,0.0,1.0,0.0
27,40.07543543758307,7.556352626933646,27,1.0,66.9,3.0108173551444795,57.00932278815627,1.0,0.0,0.0,0.0,1.0,0.0,0.0,0.0,0.0,0.0,1.0
28,66.79545821753256,5.587450267391961,27,1.0,75.2,13.70693801920567,44.40883627715726,0.0,1.0,1.0,0.0,0.0,0.0,1.0,0.0,0.0,0.0,0.0
29,53.87190237717341,8.85497836227986,25,1.0,67.4,9.679866387310677,52.198461494092,0.0,1.0,0.0,1.0,0.0,0.0,0.0,0.0,0.0,0.0,1.0
30,65.70797596367623,6.503691142410371,26,1.0,73.7,11.54871265769265,60.7603778951055,0.0,1.0,0.0,1.0,0.0,0.0,0.0,0.0,0.0,1.0,0.0
31,94.23918186771768,4.48872133613403,26,1.0,70.5,12.546010219321005,80.20178850345093,0.0,1.0,0.0,0.0,0.0,1.0,0.0,0.0,0.0,0.0,1.0
32,93.06536874808076,5.922307005619732,19,1.0,74.7,12.603307472862577,100.0,0.0,1.0,0.0,0.0,1.0,0.0,0.0,0.0,0.0,0.0,1.0
33,68.88869088307922,5.245899003223461,24,0.0,72.0,3.7350618729990384,97.51552401460032,1.0,0.0,0.0,0.0,0.0,1.0,1.0,0.0,0.0,0.0,0.0
34,76.50222949167683,8.496879488460701,24,2.0,77.7,13.85724837764819,87.30049006410138,0.0,1.0,0.0,0.0,0.0,1.0,0.0,0.0,1.0,0.0,0.0
35,69.60476512912287,6.179949411406033,21,1.0,64.9,8.660581162079753,90.90643287909356,1.0,0.0,0.0,1.0,0.0,0.0,1.0,0.0,0.0,0.0,0.0
36,55.45859938940737,7.02070110592484,26,1.0,66.4,9.187238020236876,55.2877916626546,1.0,0.0,1.0,0.0,0.0,0.0,0.0,0.0,0.0,0.0,1.0
37,68.132149508754,7.02070110592484,25,0.0,66.5,3.3902707957164964,59.16232381725136,1.0,0.0,0.0,0.0,0.0,1.0,0.0,0.0,0.0,0.0,1.0
38,88.63090858695253,5.941705027243913,29,0.0,97.5,10.257300100483146,75.17564187655188,0.0,1.0,0.0,0.0,1.0,0.0,0.0,0.0,1.0,0.0,0.0
39,62.27615024861964,8.04866213167484,18,1.0,76.2,5.44563565482325,74.07128550458945,1.0,0.0,0.0,0.0,0.0,1.0,0.0,0.0,0.0,1.0,0.0
40,54.13772478425731,5.759953405242553,19,2.0,73.0,6.391431118912917,90.09328538946208,1.0,0.0,0.0,0.0,1.0,0.0,0.0,0.0,1.0,0.0,0.0
41,83.83495327625285,6.337351236834754,19,1.0,71.5,20.72005333888877,98.58803501934965,0.0,1.0,0.0,0.0,0.0,1.0,1.0,0.0,0.0,0.0,0.0
42,58.92866728893208,4.980421533332697,29,2.0,64.8,7.595802896665938,82.68749531548747,0.0,1.0,1.0,0.0,0.0,0.0,0.0,0.0,0.0,1.0,0.0
43,65.15602011210086,7.8288053055234625,29,1.0,64.9,6.193236627678475,62.57802143931804,1.0,0.0,0.0,0.0,0.0,1.0,0.0,1.0,0.0,0.0,0.0
44,56.222534380523385,8.731922035243986,28,1.0,59.3,1.0,58.038506929037375,1.0,0.0,0.0,0.0,0.0,1.0,1.0,0.0,0.0,0.0,0.0
45,65.27482414986059,7.02070110592484,25,0.0,50.7,7.832590169441057,43.57427004846179,1.0,0.0,0.0,0.0,1.0,0.0,1.0,0.0,0.0,0.0,0.0
46,88.96099554303726,7.02070110592484,18,2.0,61.1,15.30942067438536,82.04302793957865,0.0,1.0,1.0,0.0,0.0,0.0,1.0,0.0,0.0,0.0,0.0
47,68.81319549762357,9.55835565075925,21,0.0,61.3,6.006155478744027,74.27218954613586,1.0,0.0,0.0,1.0,0.0,0.0,0.0,0.0,1.0,0.0,0.0
48,68.9264279023357,7.240015616926668,27,2.0,78.1,11.443749505785156,94.1490726825403,1.0,0.0,0.0,1.0,0.0,0.0,1.0,0.0,0.0,0.0,0.0
49,56.107355135460814,7.904414640772361,29,2.0,70.8,15.466361349939298,76.8846385047942,0.0,1.0,0.0,1.0,0.0,0.0,0.0,0.0,0.0,0.0,1.0
50,74.40978671258426,5.575679094833145,22,2.0,90.3,10.825477157096316,100.0,0.0,1.0,0.0,0.0,1.0,0.0,0.0,1.0,0.0,0.0,0.0
51,74.01825651376075,5.650699209111719,26,1.0,64.4,16.050686320666554,67.31250468451226,0.0,1.0,0.0,0.0,1.0,0.0,0.0,0.0,0.0,0.0,1.0
52,87.99649007902721,8.406696652045465,24,1.0,71.7,17.056466348672604,28.48055083854689,1.0,0.0,1.0,0.0,0.0,0.0,1.0,0.0,0.0,0.0,0.0
53,89.91972406182808,5.633690696446974,25,1.0,91.1,18.126371989648547,58.74691841700606,0.0,1.0,1.0,0.0,0.0,0.0,0.0,0.0,0.0,0.0,1.0
54,50.52593352592821,8.162249267227114,28,0.0,64.8,1.0,80.51388837431912,1.0,0.0,0.0,0.0,0.0,1.0,0.0,0.0,0.0,0.0,1.0
55,63.331992154653,7.02070110592484,26,1.0,75.0,8.816005550590486,59.36748109319047,1.0,0.0,0.0,0.0,0.0,1.0,0.0,0.0,1.0,0.0,0.0
56,86.12809762282659,5.593303347954534,24,0.0,82.7,8.918980597175523,94.22858686046472,1.0,0.0,0.0,0.0,0.0,1.0,0.0,0.0,1.0,0.0,0.0
57,88.38914123354489,7.662648763165245,22,1.0,79.8,15.33151950907666,100.0,0.0,1.0,0.0,0.0,0.0,1.0,0.0,0.0,1.0,0.0,0.0
58,63.94966685415766,7.873013629473625,22,0.0,72.7,13.543759282597644,72.40835372655727,0.0,1.0,0.0,1.0,0.0,0.0,1.0,0.0,0.0,0.0,0.0
59,72.66740468479586,5.897802845175399,27,0.0,75.1,14.989598294869005,89.17503713039058,0.0,1.0,0.0,1.0,0.0,0.0,0.0,0.0,0.0,1.0,0.0
60,73.39734064911238,7.815683701953833,28,1.0,63.5,12.503256039968264,100.0,0.0,1.0,1.0,0.0,0.0,0.0,0.0,0.0,0.0,1.0,0.0
61,64.27488019351657,5.393883104396184,23,1.0,70.1,12.278201568689395,61.96351371507684,0.0,1.0,0.0,0.0,1.0,0.0,0.0,0.0,1.0,0.0,0.0
62,69.26578423027594,5.332446883692034,22,1.0,77.8,13.823548368931936,91.96149307096265,1.0,0.0,0.0,0.0,0.0,1.0,1.0,0.0,0.0,0.0,0.0
63,67.10285249780141,6.091067294483885,29,0.0,76.9,11.40455424823022,68.06365797591909,0.0,1.0,0.0,0.0,0.0,1.0,0.0,0.0,0.0,0.0,1.0
64,46.68595589973129,6.320712280911302,28,1.0,77.1,13.259121571230793,66.05389438437777,1.0,0.0,0.0,0.0,0.0,1.0,0.0,0.0,0.0,1.0,0.0
65,81.17041671565187,5.599135088108416,26,0.0,77.4,16.10320174423675,100.0,0.0,1.0,0.0,0.0,1.0,0.0,0.0,0.0,0.0,0.0,1.0
66,77.89625301356692,8.26135952596947,20,1.0,65.0,9.6421426341119,76.6831066178093,1.0,0.0,0.0,0.0,1.0,0.0,0.0,0.0,0.0,0.0,1.0
67,65.66875148264454,8.343669728325384,20,1.0,81.9,10.28242807400076,74.32240329193016,1.0,0.0,0.0,0.0,1.0,0.0,1.0,0.0,0.0,0.0,0.0
68,83.7774656194767,6.779026529845212,24,1.0,73.5,11.287474208665746,84.39206118364821,1.0,0.0,1.0,0.0,0.0,0.0,0.0,0.0,0.0,0.0,1.0
69,71.52693398642057,9.383156437859178,24,1.0,71.4,8.841794721510112,51.3110636218791,1.0,0.0,0.0,1.0,0.0,0.0,0.0,0.0,0.0,1.0,0.0
70,70.65886036810396,4.5478795481300285,23,1.0,71.0,8.185748512432369,80.04621703863313,1.0,0.0,0.0,0.0,0.0,1.0,1.0,0.0,0.0,0.0,0.0
71,76.62648763165245,7.390134137758819,20,1.0,89.7,13.368512277066683,81.08963851185933,0.0,1.0,0.0,0.0,0.0,1.0,1.0,0.0,0.0,0.0,0.0
72,63.45640110684291,4.668595589973129,24,1.0,74.7,11.430674678774588,65.15726354383239,1.0,0.0,0.0,0.0,0.0,1.0,0.0,0.0,1.0,0.0,0.0
73,72.59096524218562,6.71028524978014,22,1.0,66.0,10.534206294535068,77.743539986901,1.0,0.0,1.0,0.0,0.0,0.0,1.0,0.0,0.0,0.0,0.0
74,66.33178726910306,5.827561081989285,24,1.0,60.2,13.228153746379895,100.0,1.0,0.0,0.0,0.0,0.0,1.0,0.0,0.0,0.0,0.0,1.0
75,57.06184428377443,5.989446316879994,19,0.0,83.8,15.243738063632156,91.8897015580126,0.0,1.0,0.0,1.0,0.0,0.0,1.0,0.0,0.0,0.0,0.0
76,81.31996404209654,8.830960523271024,23,1.0,76.8,14.151170787931608,49.49395050795694,1.0,0.0,0.0,0.0,0.0,1.0,0.0,0.0,1.0,0.0,0.0
77,60.082571885653934,5.946526878543112,25,1.0,67.8,6.90970567538264,100.0,1.0,0.0,0.0,0.0,1.0,0.0,1.0,0.0,0.0,0.0,0.0
78,64.3961365695198,6.8888690883079216,18,1.0,84.1,21.44993916063213,70.67592238870209,0.0,1.0,0.0,1.0,0.0,0.0,0.0,0.0,1.0,0.0,0.0
79,78.1132371766594,9.201790625499108,21,0.0,74.3,10.181952613466034,100.0,0.0,1.0,0.0,0.0,1.0,0.0,0.0,0.0,0.0,0.0,1.0
80,85.92826202315608,8.436180451190522,28,0.0,82.9,14.630881621513062,93.36995415930228,1.0,0.0,0.0,0.0,0.0,1.0,0.0,0.0,0.0,0.0,1.0
81,61.44758640434626,8.34930079088828,18,2.0,70.4,8.265914493979771,69.17266314921663,1.0,0.0,0.0,1.0,0.0,0.0,0.0,0.0,0.0,0.0,1.0
82,47.29616602709421,8.815205896199966,18,1.0,64.6,11.976017616371603,52.578797117536034,0.0,1.0,0.0,0.0,0.0,1.0,0.0,0.0,0.0,0.0,1.0
83,69.49180246894763,5.0955034222290045,27,0.0,88.5,15.700384626477,85.64379461838608,1.0,0.0,1.0,0.0,0.0,0.0,0.0,0.0,1.0,0.0,0.0
84,38.20497654979534,4.0,29,1.0,52.8,6.725347581554397,49.60671229638673,1.0,0.0,0.0,0.0,0.0,1.0,0.0,0.0,1.0,0.0,0.0
85,37.8398399833337,7.02070110592484,28,1.0,69.3,1.362672167601911,76.07945294104826,1.0,0.0,0.0,0.0,1.0,0.0,0.0,0.0,0.0,0.0,1.0
86,76.91821906855884,10.0,25,2.0,85.4,17.489982994026686,93.60072359447426,0.0,1.0,0.0,0.0,0.0,1.0,1.0,0.0,0.0,0.0,0.0
87,86.19534892836623,5.215716676381954,24,0.0,62.0,10.508977995473526,39.99556765753229,1.0,0.0,0.0,1.0,0.0,0.0,0.0,0.0,1.0,0.0,0.0
88,62.82962966082084,7.45672288838945,29,0.0,68.8,9.56663180724108,34.7265718846731,1.0,0.0,0.0,0.0,1.0,0.0,0.0,0.0,0.0,0.0,1.0
89,65.31435935015747,6.4517027845405455,27,2.0,74.9,6.520460315605208,49.15070213806023,1.0,0.0,1.0,0.0,0.0,0.0,0.0,0.0,0.0,0.0,1.0
90,65.55089894354838,5.984718777936393,18,0.0,81.9,12.675414075431611,58.1102984419874,1.0,0.0,0.0,0.0,0.0,1.0,0.0,0.0,0.0,1.0,0.0
91,81.62249267227114,7.712820610092738,28,0.0,77.9,11.787478660266617,63.061293171902506,0.0,1.0,0.0,0.0,1.0,0.0,1.0,0.0,0.0,0.0,0.0
92,44.41644349240749,7.02070110592484,19,2.0,52.3,3.816738792400467,42.86489862061514,1.0,0.0,0.0,0.0,0.0,1.0,0.0,1.0,0.0,0.0,0.0
93,78.28805305523463,7.02070110592484,21,1.0,80.4,8.051082844304183,84.67315933557532,1.0,0.0,1.0,0.0,0.0,0.0,0.0,0.0,0.0,0.0,1.0
94,59.561380946815625,10.0,18,0.0,80.0,17.45167572165159,67.04164161265477,0.0,1.0,0.0,1.0,0.0,0.0,0.0,0.0,1.0,0.0,0.0
95,45.89867396546136,6.095585359227639,20,0.0,65.6,18.22184268381919,96.06212527975262,0.0,1.0,0.0,0.0,0.0,1.0,0.0,0.0,0.0,0.0,1.0
96,66.17647014160791,8.921472096269918,25,0.0,65.2,11.707463279294467,53.67392196369336,1.0,0.0,0.0,1.0,0.0,0.0,0.0,0.0,0.0,0.0,1.0
97,70.28229462176955,8.77667022835907,25,0.0,82.3,21.28372413714401,82.47181790730694,0.0,1.0,0.0,0.0,1.0,0.0,1.0,0.0,0.0,0.0,0.0
98,83.32464017256682,7.02070110592484,25,2.0,72.8,12.404197103334065,69.4339662486841,1.0,0.0,0.0,1.0,0.0,0.0,0.0,0.0,0.0,0.0,1.0
99,68.69989542172324,7.02070110592484,23,1.0,66.7,3.298997670329572,63.18101885145901,1.0,0.0,0.0,0.0,1.0,0.0,0.0,0.0,0.0,0.0,1.0
100,53.73707263661189,4.425377278551284,23,1.0,71.7,10.320133612689323,38.24049685217071,1.0,0.0,1.0,0.0,0.0,0.0,0.0,0.0,0.0,0.0,1.0
101,72.28585884261201,8.288364405925536,22,2.0,68.8,11.641117090077016,66.38545401409088,1.0,0.0,0.0,0.0,0.0,1.0,0.0,0.0,0.0,0.0,1.0
102,74.8836484867659,7.02070110592484,26,1.0,55.6,6.740878428769209,63.3003224796215,0.0,1.0,0.0,0.0,0.0,1.0,0.0,0.0,1.0,0.0,0.0
103,62.06048358536989,6.24902318800952,21,0.0,64.2,10.838197675065487,51.80969608944715,0.0,1.0,0.0,0.0,0.0,1.0,1.0,0.0,0.0,0.0,0.0
104,82.6135952596947,6.979298959252312,27,1.0,84.6,17.729636590583034,81.88307317894144,0.0,1.0,0.0,0.0,0.0,1.0,0.0,0.0,0.0,0.0,1.0
105,84.662298399131,9.88960472944598,29,2.0,80.9,14.312718572075193,100.0,0.0,1.0,0.0,0.0,0.0,1.0,0.0,0.0,0.0,0.0,1.0
106,71.45128794325576,9.190796773019846,29,2.0,57.7,2.977334464102245,65.04381849028334,1.0,0.0,0.0,0.0,1.0,0.0,0.0,0.0,0.0,0.0,1.0
107,57.224872148587714,7.02070110592484,29,0.0,59.7,10.609975474847989,73.7194655492427,1.0,0.0,0.0,0.0,1.0,0.0,0.0,1.0,0.0,0.0,0.0
108,39.1999659363938,8.137006349978627,24,1.0,65.6,2.840145544823672,80.61821699292088,1.0,0.0,0.0,0.0,1.0,0.0,0.0,0.0,0.0,0.0,1.0
109,75.32233446570119,6.447677069920261,18,1.0,84.5,13.384270740212022,79.01636119784825,0.0,1.0,0.0,0.0,1.0,0.0,0.0,1.0,0.0,0.0,0.0
110,68.20798594857301,6.714118873699807,26,2.0,77.8,8.490726059148765,94.7122083373454,1.0,0.0,0.0,0.0,1.0,0.0,0.0,0.0,0.0,0.0,1.0
111,69.56711371593413,7.908932705516115,24,0.0,84.2,11.921873828871863,74.67379767429351,0.0,1.0,0.0,0.0,0.0,1.0,0.0,0.0,0.0,0.0,1.0
112,75.6038634304802,4.0,27,1.0,62.9,10.63526216710563,79.52978753214984,1.0,0.0,0.0,0.0,1.0,0.0,0.0,0.0,0.0,1.0,0.0
113,89.04496577770995,10.0,29,2.0,63.2,7.983222284719224,59.90671461053794,1.0,0.0,0.0,0.0,1.0,0.0,0.0,0.0,1.0,0.0,0.0
114,75.96876879050892,4.51878282019268,26,1.0,74.1,11.854508756445483,74.7741728343774,1.0,0.0,0.0,0.0,0.0,1.0,0.0,0.0,0.0,0.0,1.0
115,100.0,7.152693398642057,24,1.0,86.9,16.70100232967043,100.0,0.0,1.0,0.0,0.0,1.0,0.0,0.0,0.0,1.0,0.0,0.0
116,43.9190342813622,7.175411312264106,19,0.0,72.8,11.575058616713134,92.39692676027482,1.0,0.0,0.0,0.0,0.0,1.0,0.0,1.0,0.0,0.0,0.0
117,55.933033479545344,7.768090877725527,23,0.0,58.2,10.15684680829604,61.58885118754284,0.0,1.0,0.0,0.0,1.0,0.0,0.0,0.0,1.0,0.0,0.0
118,68.09421349868312,7.397925802240305,27,1.0,64.2,11.106718507670829,85.70165630172644,0.0,1.0,0.0,0.0,1.0,0.0,1.0,0.0,0.0,0.0,0.0
119,79.82395725533681,7.811323717665941,29,2.0,72.9,13.400062891844003,63.53769217185649,0.0,1.0,0.0,0.0,1.0,0.0,0.0,0.0,1.0,0.0,0.0
120,48.200806387288,7.687638517877148,28,0.0,70.2,7.942327715463444,89.82775207682269,1.0,0.0,0.0,1.0,0.0,0.0,0.0,0.0,0.0,1.0,0.0
121,66.98772910161381,7.746713613228744,21,1.0,61.3,4.026857796617076,29.86510345142392,1.0,0.0,0.0,0.0,1.0,0.0,0.0,0.0,0.0,0.0,1.0
122,78.64112331473041,6.6137577374002765,20,1.0,65.4,9.288777523283509,69.79821149654907,0.0,1.0,0.0,0.0,0.0,1.0,1.0,0.0,0.0,0.0,0.0
123,64.83769511579392,6.475775490947952,19,0.0,73.2,9.36473783289437,87.17945375418519,1.0,0.0,0.0,0.0,0.0,1.0,1.0,0.0,0.0,0.0,0.0
124,71.11130911692078,6.026913368346891,23,1.0,74.6,14.887432799710336,100.0,0.0,1.0,0.0,0.0,1.0,0.0,0.0,0.0,0.0,0.0,1.0
125,76.33724158678159,8.653660550522748,25,1.0,78.2,13.463574484645031,82.20343447908317,0.0,1.0,1.0,0.0,0.0,0.0,0.0,0.0,0.0,0.0,1.0
126,94.10132603453864,5.569760497478249,23,2.0,85.6,15.093890675164936,82.90407046548641,0.0,1.0,1.0,0.0,0.0,0.0,0.0,0.0,0.0,0.0,1.0
127,99.92456456241692,6.382698314639034,26,1.0,83.8,12.376068700309125,84.56049378557222,1.0,0.0,0.0,0.0,0.0,1.0,1.0,0.0,0.0,0.0,0.0
128,90.10300698901128,4.903245206543344,22,1.0,72.2,10.018818575019475,62.45607284799756,1.0,0.0,0.0,0.0,0.0,1.0,1.0,0.0,0.0,0.0,0.0
129,73.51328790871929,10.0,19,0.0,72.2,9.83060082298254,84.16851357169547,1.0,0.0,0.0,0.0,1.0,0.0,1.0,0.0,0.0,0.0,0.0
130,66.05971358974395,4.852043663447102,25,2.0,58.0,7.045254712864752,46.36058217929469,1.0,0.0,0.0,0.0,0.0,1.0,0.0,0.0,0.0,0.0,1.0
131,67.3708235711047,7.02070110592484,26,0.0,74.3,9.780379877298683,73.92054705895174,0.0,1.0,1.0,0.0,0.0,0.0,1.0,0.0,0.0,0.0,0.0
132,79.73086631653109,7.954579780554784,27,1.0,78.2,9.427925536849996,78.6075336982195,1.0,0.0,0.0,0.0,1.0,0.0,0.0,0.0,0.0,1.0,0.0
133,97.98778136070254,6.790434551677206,21,0.0,78.5,4.10299124516259,88.47404910826674,1.0,0.0,0.0,0.0,0.0,1.0,0.0,0.0,0.0,0.0,1.0
134,53.600915950182106,9.59119834971942,23,2.0,64.8,1.0,57.821807920992846,1.0,0.0,0.0,0.0,1.0,0.0,1.0,0.0,0.0,0.0,0.0
135,72.05765499017575,8.31027264192204,28,1.0,69.1,12.96969769444622,100.0,0.0,1.0,0.0,0.0,0.0,1.0,0.0,0.0,1.0,0.0,0.0
136,52.45899003223461,8.521856684534328,27,1.0,73.9,5.831095004374446,61.71425583338479,1.0,0.0,0.0,0.0,0.0,1.0,0.0,0.0,1.0,0.0,0.0
137,54.527368596735336,7.096040083806797,25,0.0,57.9,9.616982276246768,64.75878829699298,0.0,1.0,0.0,0.0,0.0,1.0,1.0,0.0,0.0,0.0,0.0
138,70.13173140741391,5.791461888127148,26,1.0,66.6,16.129713744514966,60.50053588777371,0.0,1.0,0.0,0.0,0.0,1.0,0.0,0.0,0.0,1.0,0.0
139,63.90881764373962,7.02070110592484,29,1.0,77.1,14.669549706305272,60.30403793567199,0.0,1.0,0.0,0.0,0.0,1.0,0.0,0.0,0.0,0.0,1.0
140,87.31922035243987,7.02070110592484,22,1.0,80.1,8.751392968925662,57.74912571169924,1.0,0.0,0.0,0.0,0.0,1.0,0.0,0.0,0.0,1.0,0.0
141,85.86227521574303,8.043861905318437,29,0.0,56.0,2.874947296052268,92.8407671798572,1.0,0.0,0.0,0.0,0.0,1.0,0.0,0.0,0.0,0.0,1.0
142,63.29042078828332,7.137567879227915,23,2.0,65.7,10.774647626353886,65.27039279158708,1.0,0.0,0.0,1.0,0.0,0.0,0.0,0.0,0.0,0.0,1.0
143,61.35887668526959,7.02070110592484,28,2.0,59.4,4.842456198911779,63.001269781467,0.0,1.0,0.0,0.0,0.0,1.0,0.0,0.0,0.0,0.0,1.0
144,56.33690696446975,9.660882792275556,21,0.0,66.5,11.60144837928541,57.529698107706125,0.0,1.0,0.0,1.0,0.0,0.0,0.0,0.0,1.0,0.0,0.0
145,76.37841596312117,6.862432120772085,22,2.0,78.7,7.763473596094441,78.76065825077829,1.0,0.0,0.0,1.0,0.0,0.0,1.0,0.0,0.0,0.0,0.0
146,85.28167202549481,8.192982465932015,24,1.0,72.7,6.6785639583461975,75.57718171208784,1.0,0.0,0.0,0.0,1.0,0.0,0.0,0.0,0.0,0.0,1.0
147,50.95503422229005,6.118054222749716,26,1.0,67.4,11.417609627483143,92.9155963776718,1.0,0.0,0.0,0.0,1.0,0.0,0.0,0.0,0.0,0.0,1.0
148,89.82918761285052,7.02070110592484,27,1.0,78.6,18.270723932691062,89.36923992507025,0.0,1.0,0.0,0.0,1.0,0.0,0.0,0.0,0.0,1.0,0.0
149,81.4706451067958,7.179201405142699,28,1.0,68.9,10.7238980282568,65.38321158666375,0.0,1.0,0.0,0.0,0.0,1.0,0.0,0.0,1.0,0.0,0.0
150,66.48671209128071,9.51127866386597,23,1.0,88.1,14.258375950470764,76.12971229600304,1.0,0.0,0.0,0.0,1.0,0.0,1.0,0.0,0.0,0.0,0.0
151,49.804215333326965,5.373707263661189,23,1.0,57.8,1.0,46.077928141636505,1.0,0.0,0.0,0.0,1.0,0.0,1.0,0.0,0.0,0.0,0.0
152,81.82682961981213,6.214694479986525,25,1.0,66.9,9.528840373801447,100.0,1.0,0.0,0.0,0.0,1.0,0.0,1.0,0.0,0.0,0.0,0.0
153,88.46919764169559,7.02070110592484,28,1.0,77.6,11.814251487567631,100.0,1.0,0.0,0.0,0.0,0.0,1.0,0.0,0.0,0.0,0.0,1.0
154,52.89884612056901,7.266740468479585,21,1.0,65.6,8.516966314516123,83.3400473321555,1.0,0.0,0.0,0.0,1.0,0.0,0.0,0.0,0.0,1.0,0.0
155,88.71258219763011,8.739272793291464,20,0.0,79.5,16.858286127863266,90.29419347572774,0.0,1.0,0.0,0.0,1.0,0.0,0.0,0.0,0.0,0.0,1.0
156,61.97375777370517,7.02070110592484,24,2.0,71.0,9.554037519963847,86.1092434055396,1.0,0.0,0.0,0.0,1.0,0.0,0.0,1.0,0.0,0.0,0.0
157,56.16504672374715,5.426878580910353,22,1.0,61.5,2.471264971438294,65.43950621442778,1.0,0.0,0.0,1.0,0.0,0.0,0.0,0.0,0.0,0.0,1.0
158,76.21400295301382,6.43961365695198,19,0.0,67.8,3.762472600789959,66.7146627293149,1.0,0.0,0.0,0.0,0.0,1.0,0.0,1.0,0.0,0.0,0.0
159,58.377507327728864,6.419383475463216,19,0.0,66.0,4.799552250996007,74.17174797238714,1.0,0.0,0.0,0.0,0.0,1.0,1.0,0.0,0.0,0.0,0.0
160,62.78740868999781,7.297387704969847,28,1.0,62.0,4.251291214782038,64.52925973315367,1.0,0.0,0.0,0.0,0.0,1.0,1.0,0.0,0.0,0.0,0.0
161,59.98871433316225,6.828377661054999,23,2.0,78.1,12.806635470189963,73.76974726895004,1.0,0.0,0.0,0.0,1.0,0.0,0.0,0.0,0.0,0.0,1.0
162,72.78219450947915,7.167834460362379,25,1.0,84.1,9.993727154824375,100.0,1.0,0.0,0.0,1.0,0.0,0.0,1.0,0.0,0.0,0.0,0.0
163,89.3005290331352,6.752356852871105,18,1.0,74.4,16.15639921389853,100.0,0.0,1.0,0.0,1.0,0.0,0.0,0.0,0.0,0.0,0.0,1.0
164,82.2422483053399,4.533447194854243,28,0.0,64.1,7.581710166106168,100.0,1.0,0.0,0.0,0.0,0.0,1.0,0.0,0.0,0.0,0.0,1.0
165,58.829583284348125,4.4416443492407485,23,1.0,48.8,5.232534991594174,44.56949885214907,1.0,0.0,0.0,1.0,0.0,0.0,0.0,0.0,0.0,0.0,1.0
166,91.16939904601782,9.116939904601782,29,2.0,77.4,14.573393206359526,72.1044078869728,0.0,1.0,0.0,1.0,0.0,0.0,0.0,0.0,1.0,0.0,0.0
167,58.879185942382975,7.02070110592484,19,1.0,66.6,13.305809371448689,55.77141313953531,1.0,0.0,0.0,0.0,1.0,0.0,1.0,0.0,0.0,0.0,0.0
168,67.48540697480354,6.341498187244258,19,0.0,74.7,13.608568881087084,57.0844036223282,0.0,1.0,0.0,0.0,0.0,1.0,1.0,0.0,0.0,0.0,0.0
169,71.64047651742656,5.73864047403053,24,1.0,69.6,1.7781573161808095,100.0,1.0,0.0,0.0,1.0,0.0,0.0,0.0,0.0,1.0,0.0,0.0
170,67.40903475781438,8.122014182655912,27,0.0,63.5,17.771348033422903,79.11882413799606,0.0,1.0,0.0,0.0,0.0,1.0,0.0,0.0,1.0,0.0,0.0
171,82.72111980322197,8.24004659475745,18,1.0,60.8,11.004090299462062,89.49946411222629,1.0,0.0,0.0,0.0,0.0,1.0,1.0,0.0,0.0,0.0,0.0
172,47.870959578297104,8.639908404981789,23,1.0,72.1,7.324585924568389,100.0,1.0,0.0,0.0,1.0,0.0,0.0,0.0,0.0,0.0,0.0,1.0
173,72.40015616926668,6.48776101621166,24,1.0,72.4,15.535296759603725,88.98216175566452,1.0,0.0,0.0,0.0,1.0,0.0,0.0,1.0,0.0,0.0,0.0
174,77.50976811990479,8.667553116307966,25,0.0,69.6,11.326419340801015,54.11182410254808,1.0,0.0,0.0,0.0,1.0,0.0,0.0,1.0,0.0,0.0,0.0
175,51.12238466429844,6.956711371593412,24,2.0,45.1,4.464703240396276,60.95369171390816,1.0,0.0,0.0,0.0,1.0,0.0,1.0,0.0,0.0,0.0,0.0
176,30.0,7.02070110592484,23,1.0,57.1,3.623487626989234,47.04326942057792,1.0,0.0,0.0,0.0,1.0,0.0,0.0,0.0,1.0,0.0,0.0
177,45.47879548130028,5.684206530426459,26,1.0,68.3,7.075080619905375,52.29431581630096,0.0,1.0,1.0,0.0,0.0,0.0,0.0,0.0,0.0,1.0,0.0
178,52.60727206708536,5.700716121769754,20,1.0,66.7,9.692436817237509,87.97448842204146,1.0,0.0,0.0,0.0,1.0,0.0,0.0,0.0,0.0,0.0,1.0
179,48.72822174066268,6.873767003664303,28,1.0,62.3,7.721798431310603,74.57341429712329,1.0,0.0,0.0,0.0,1.0,0.0,0.0,1.0,0.0,0.0,0.0
180,52.75387364434612,7.312757200588496,23,1.0,69.8,10.850923620561844,77.54104866842252,0.0,1.0,0.0,0.0,1.0,0.0,1.0,0.0,0.0,0.0,0.0
181,66.40929755992371,8.717343959822593,21,1.0,59.0,12.531738286805394,95.80179099601597,0.0,1.0,0.0,1.0,0.0,0.0,0.0,0.0,0.0,0.0,1.0
182,58.57970988303543,6.586458371926066,19,1.0,82.2,13.431749474141778,88.03648628492317,0.0,1.0,1.0,0.0,0.0,0.0,0.0,0.0,0.0,0.0,1.0
183,72.36204190201921,6.008257188565394,18,0.0,70.5,8.556250494214847,70.98363880215176,1.0,0.0,0.0,0.0,1.0,0.0,0.0,0.0,0.0,1.0,0.0
184,66.02074197759694,7.02070110592484,29,2.0,48.5,5.705451980248212,65.77570790858822,1.0,0.0,0.0,0.0,1.0,0.0,0.0,0.0,0.0,0.0,1.0
185,71.71622338945002,8.177554074815339,29,1.0,79.5,17.3763468072343,100.0,0.0,1.0,0.0,1.0,0.0,0.0,0.0,0.0,0.0,1.0,0.0
186,99.65414838588,5.043817894300204,18,0.0,78.4,13.166585976222708,43.74557025555327,1.0,0.0,0.0,0.0,1.0,0.0,0.0,0.0,1.0,0.0,0.0
187,71.6026188836052,7.02070110592484,28,1.0,72.8,9.161802324934513,95.37556270065974,1.0,0.0,0.0,0.0,1.0,0.0,0.0,0.0,1.0,0.0,0.0
188,90.76942387431735,6.012935522516567,27,2.0,74.6,17.688456249360257,98.68893637812091,0.0,1.0,0.0,0.0,1.0,0.0,0.0,0.0,0.0,0.0,1.0
189,81.02197154824601,9.756962736087196,20,2.0,68.0,14.44154672418894,79.27272237662326,0.0,1.0,0.0,0.0,0.0,1.0,0.0,0.0,0.0,0.0,1.0
190,58.32662640917716,6.832165539637622,21,1.0,78.2,15.353722985346051,61.651619110883,0.0,1.0,0.0,0.0,1.0,0.0,0.0,1.0,0.0,0.0,0.0
191,52.82656040177408,5.994163839065713,19,0.0,59.9,6.955136561453702,71.59630551775261,1.0,0.0,0.0,0.0,0.0,1.0,0.0,0.0,0.0,0.0,1.0
192,57.33272383149056,7.02070110592484,29,1.0,53.4,9.174522842903684,69.85010316533702,0.0,1.0,1.0,0.0,0.0,0.0,0.0,1.0,0.0,0.0,0.0
193,51.28741780236987,7.02070110592484,28,0.0,62.6,1.0,88.41114881245716,1.0,0.0,0.0,0.0,0.0,1.0,0.0,0.0,0.0,0.0,1.0
194,74.13541628073935,7.584675146708745,28,2.0,76.0,5.388348907915717,85.58602188617348,1.0,0.0,0.0,0.0,1.0,0.0,0.0,0.0,0.0,0.0,1.0
195,100.0,9.028934146329531,28,0.0,79.9,19.79767991918762,52.8588129615851,0.0,1.0,0.0,1.0,0.0,0.0,0.0,0.0,0.0,0.0,1.0
196,61.53599800362211,6.362158403687881,18,0.0,79.5,8.90613465694208,50.69255905400449,1.0,0.0,0.0,0.0,0.0,1.0,0.0,0.0,1.0,0.0,0.0
197,88.07403150830606,5.112238466429844,21,1.0,82.8,13.64120177650369,97.1411870384149,0.0,1.0,0.0,0.0,1.0,0.0,0.0,0.0,0.0,0.0,1.0
198,70.01881853552686,9.865899397238769,24,1.0,72.5,5.092298044768634,69.90196018881055,1.0,0.0,0.0,0.0,1.0,0.0,0.0,0.0,0.0,0.0,1.0
199,82.7751278514123,4.3746675743149215,27,1.0,71.8,11.483033685483877,80.82733685078337,1.0,0.0,0.0,0.0,0.0,1.0,1.0,0.0,0.0,0.0,0.0
200,63.081780931441166,7.02070110592484,28,1.0,61.1,5.252263649443817,55.930139966376686,1.0,0.0,0.0,0.0,1.0,0.0,0.0,0.0,0.0,1.0,0.0
201,55.03120511539299,5.484427012536842,23,0.0,69.4,8.828904030426902,81.51153131568786,0.0,1.0,0.0,0.0,1.0,0.0,0.0,1.0,0.0,0.0,0.0
202,66.75694179152657,5.695230492979388,23,0.0,58.4,3.1737131439096755,92.03350380188306,1.0,0.0,0.0,1.0,0.0,0.0,0.0,0.0,0.0,0.0,1.0
203,70.84728422200227,7.945380737330661,28,1.0,72.8,9.654719375963984,65.32684066442468,1.0,0.0,0.0,0.0,0.0,1.0,1.0,0.0,0.0,0.0,0.0
204,45.62088403105433,7.492335127023105,26,0.0,60.8,14.34923169006871,80.9321347419355,0.0,1.0,0.0,1.0,0.0,0.0,0.0,0.0,0.0,1.0,0.0
205,57.11635594074463,6.640929755992371,19,1.0,62.3,7.396692527137423,72.66118250314526,1.0,0.0,0.0,0.0,0.0,1.0,0.0,0.0,1.0,0.0,0.0
206,64.15324853291254,9.33140441002687,21,1.0,65.1,9.11086510506805,90.76910615974953,1.0,0.0,0.0,0.0,0.0,1.0,1.0,0.0,0.0,0.0,0.0
207,48.9320033923068,8.606116895603815,22,1.0,74.1,7.955974403147715,39.52156276965924,1.0,0.0,1.0,0.0,0.0,0.0,0.0,0.0,0.0,0.0,1.0
208,50.785279037300825,6.6059713589743945,18,2.0,63.0,1.0,74.47302017216381,1.0,0.0,0.0,0.0,1.0,0.0,1.0,0.0,0.0,0.0,0.0
209,47.64497283504523,7.02070110592484,25,2.0,65.2,14.728081333716592,46.63762898755024,1.0,0.0,0.0,1.0,0.0,0.0,0.0,0.0,0.0,0.0,1.0
210,74.80434513785623,6.443647373066354,25,2.0,68.2,11.365445113263704,89.30435591350032,0.0,1.0,0.0,1.0,0.0,0.0,0.0,0.0,1.0,0.0,0.0
211,72.55277086168553,6.805626529491795,23,0.0,81.1,10.787347300673073,100.0,1.0,0.0,0.0,0.0,0.0,1.0,0.0,0.0,1.0,0.0,0.0
212,75.16230488420608,10.0,29,0.0,65.6,1.0,85.01302415987305,1.0,0.0,0.0,0.0,0.0,1.0,0.0,0.0,0.0,1.0,0.0
213,87.02926313777428,8.930052903313522,22,1.0,79.1,11.171095969573098,100.0,0.0,1.0,1.0,0.0,0.0,0.0,0.0,0.0,0.0,0.0,1.0
214,85.47263140326467,6.282962966082084,25,2.0,61.8,10.006272845175625,70.41871087528031,1.0,0.0,0.0,0.0,1.0,0.0,0.0,0.0,0.0,0.0,1.0
215,60.77463245192393,9.496122606271514,20,2.0,73.4,15.22204397436298,84.95618150971666,0.0,1.0,1.0,0.0,0.0,0.0,1.0,0.0,0.0,0.0,0.0
216,53.46339449477253,7.576562148661559,20,2.0,69.8,15.558510387693222,83.2853372706851,0.0,1.0,0.0,0.0,0.0,1.0,0.0,0.0,1.0,0.0,0.0
217,69.00188180082787,5.413772478425731,19,0.0,64.4,7.969605881246539,69.0678652580645,1.0,0.0,0.0,0.0,1.0,0.0,0.0,0.0,1.0,0.0,0.0
218,72.20973470154787,6.725608653991118,22,2.0,74.6,10.471159626198553,88.60025156737602,1.0,0.0,0.0,0.0,0.0,1.0,0.0,1.0,0.0,0.0,0.0
219,61.62411653120325,7.401825651376074,20,1.0,61.6,15.847003322588462,48.56108318286599,0.0,1.0,0.0,0.0,1.0,0.0,0.0,0.0,0.0,0.0,1.0
220,60.454202194452144,10.0,20,0.0,66.7,1.920272710760773,100.0,1.0,0.0,0.0,0.0,0.0,1.0,1.0,0.0,0.0,0.0,0.0
221,92.1290404217029,6.664126303052326,23,1.0,80.7,18.751108085616927,66.16468315779673,0.0,1.0,0.0,1.0,0.0,0.0,0.0,0.0,0.0,0.0,1.0
222,68.8509468287403,6.427488019351657,25,0.0,67.6,10.572074463150004,92.5439129276472,0.0,1.0,0.0,0.0,1.0,0.0,0.0,0.0,0.0,1.0,0.0
223,69.03959916193203,4.0,19,1.0,62.9,12.865576957035875,64.64419450955265,1.0,0.0,1.0,0.0,0.0,0.0,1.0,0.0,0.0,0.0,0.0
224,73.66821273089694,7.02070110592484,21,1.0,60.7,6.440094473776375,65.94283041215071,1.0,0.0,0.0,0.0,1.0,0.0,0.0,0.0,1.0,0.0,0.0
225,84.18424400114978,7.103584187210805,28,1.0,80.7,16.348321925903278,73.82002121387714,0.0,1.0,0.0,0.0,0.0,1.0,1.0,0.0,0.0,0.0,0.0
226,63.20712280911304,5.822445925184661,24,1.0,68.8,6.472350090813043,98.09229380325316,1.0,0.0,1.0,0.0,0.0,0.0,0.0,0.0,1.0,0.0,0.0
227,54.33386807691106,5.380465107163377,18,2.0,67.3,11.827657384864846,45.64279166001192,0.0,1.0,0.0,1.0,0.0,0.0,0.0,0.0,0.0,0.0,1.0
228,73.55198334822855,5.318409783815203,18,1.0,86.4,12.446533173279189,71.7489520809475,1.0,0.0,0.0,0.0,0.0,1.0,0.0,0.0,1.0,0.0,0.0
229,49.98900793053062,8.965025032087372,29,1.0,69.5,12.939819257500943,59.97334593921452,0.0,1.0,0.0,0.0,1.0,0.0,0.0,0.0,0.0,0.0,1.0
230,94.66552805145756,10.0,27,2.0,60.5,13.840376565854909,77.08636194050331,1.0,0.0,0.0,0.0,0.0,1.0,1.0,0.0,0.0,0.0,0.0
231,48.62484188815681,6.843522854462252,24,2.0,69.2,2.5861990802079147,100.0,1.0,0.0,0.0,0.0,1.0,0.0,0.0,0.0,0.0,0.0,1.0
232,100.0,5.153080235830441,24,0.0,97.5,21.62986229036328,66.55034455095789,0.0,1.0,0.0,0.0,1.0,0.0,1.0,0.0,0.0,0.0,0.0
233,37.45458903736889,4.034585161412,18,1.0,58.1,3.0768587085608807,56.85839511447394,1.0,0.0,0.0,0.0,1.0,0.0,0.0,0.0,0.0,0.0,1.0
234,61.26986370526375,6.270279459369032,18,0.0,60.4,5.539808205035699,65.55186918570746,1.0,0.0,0.0,0.0,0.0,1.0,0.0,0.0,0.0,0.0,1.0
235,79.04414640772362,7.02070110592484,21,0.0,73.7,6.243336484803626,75.22582716562259,1.0,0.0,0.0,0.0,1.0,0.0,0.0,0.0,0.0,1.0,0.0
236,83.60620366414453,7.02070110592484,22,1.0,63.5,4.275520133924694,75.67759670806984,1.0,0.0,0.0,0.0,0.0,1.0,0.0,0.0,0.0,0.0,1.0
237,50.613026603545165,8.092360532951107,22,2.0,69.4,5.17289846543958,64.29834369827356,1.0,0.0,0.0,0.0,0.0,1.0,0.0,0.0,1.0,0.0,0.0
238,60.95585359227639,9.047886056827098,21,0.0,64.3,7.367915662144359,66.87842352498616,0.0,1.0,0.0,1.0,0.0,0.0,0.0,0.0,0.0,1.0,0.0
239,66.0986586224118,6.570797596367623,25,2.0,63.9,10.269863235262063,80.87971561677901,0.0,1.0,1.0,0.0,0.0,0.0,0.0,0.0,0.0,0.0,1.0
240,63.16539529393181,7.02070110592484,24,2.0,62.5,9.956089530862029,78.70959267930553,0.0,1.0,0.0,1.0,0.0,0.0,0.0,0.0,1.0,0.0,0.0
241,85.03084716756058,8.142029011696458,26,2.0,68.1,11.352427395136106,60.88940036325217,0.0,1.0,0.0,0.0,1.0,0.0,0.0,0.0,0.0,0.0,1.0
242,73.9013413775882,8.695776144678181,24,0.0,78.3,16.376512373010762,81.61745143452839,0.0,1.0,0.0,1.0,0.0,0.0,0.0,0.0,0.0,0.0,1.0
243,67.63795809798077,7.332015552301248,27,2.0,59.5,6.631487722933311,65.66393472690822,1.0,0.0,0.0,0.0,0.0,1.0,1.0,0.0,0.0,0.0,0.0
244,80.05836160934287,6.667984447698751,18,1.0,80.0,13.89112453027428,99.30744094599537,0.0,1.0,0.0,0.0,1.0,0.0,0.0,0.0,0.0,1.0,0.0
245,66.52538416453034,6.915271577799772,24,1.0,62.5,16.320331847679086,79.8909503078626,1.0,0.0,0.0,0.0,0.0,1.0,0.0,0.0,0.0,0.0,1.0
246,47.75859724062374,7.02070110592484,18,0.0,81.8,14.098278486859003,93.2935728254381,0.0,1.0,0.0,1.0,0.0,0.0,1.0,0.0,0.0,0.0,0.0
247,50.17081238714949,4.201221863929746,24,0.0,60.8,9.868255043040952,48.680842877632486,0.0,1.0,0.0,1.0,0.0,0.0,1.0,0.0,0.0,0.0,0.0
248,82.66727616850945,7.520225651806069,27,1.0,67.1,9.2761019717432,64.35620538161392,1.0,0.0,0.0,0.0,1.0,0.0,0.0,0.0,0.0,1.0,0.0
249,78.68559157209029,7.528227095468399,25,1.0,96.8,13.592309981267562,74.52321873635498,1.0,0.0,0.0,1.0,0.0,0.0,0.0,0.0,0.0,0.0,1.0
250,64.67766553429882,6.227615024861964,28,0.0,72.7,15.420975787796037,39.76103934318313,0.0,1.0,0.0,0.0,0.0,1.0,0.0,0.0,1.0,0.0,0.0
251,93.44082230833504,5.017081238714949,26,0.0,79.9,13.756663515196374,86.998730218533,0.0,1.0,1.0,0.0,0.0,0.0,0.0,0.0,1.0,0.0,0.0
252,73.43596684353976,7.02070110592484,29,1.0,77.1,5.558453275811061,72.76220719516829,1.0,0.0,0.0,0.0,1.0,0.0,0.0,0.0,1.0,0.0,0.0
253,95.5835565075925,7.859673087110763,20,0.0,92.8,17.943854792863924,73.66917573443716,0.0,1.0,0.0,0.0,1.0,0.0,0.0,0.0,0.0,1.0,0.0
254,63.12361482122853,6.0546192626693385,21,2.0,61.3,9.755261410091984,44.08145363766787,0.0,1.0,0.0,0.0,1.0,0.0,0.0,0.0,1.0,0.0,0.0
255,69.34113963189604,4.0,21,0.0,75.0,10.395601500792145,72.86317482185973,1.0,0.0,0.0,1.0,0.0,0.0,0.0,0.0,0.0,0.0,1.0
256,58.12174286293852,6.869989542172324,29,0.0,65.5,8.372117171078033,88.72699789656711,1.0,0.0,0.0,0.0,0.0,1.0,1.0,0.0,0.0,0.0,0.0
257,90.19578466667303,9.939303975756294,26,1.0,80.8,6.970224314946297,96.23768269754144,1.0,0.0,0.0,0.0,0.0,1.0,0.0,0.0,0.0,0.0,1.0
258,60.91067294483885,4.0,24,1.0,68.5,12.098704968351,66.6599526678445,1.0,0.0,0.0,1.0,0.0,0.0,0.0,0.0,0.0,0.0,1.0
259,70.39523487087713,7.02070110592484,20,1.0,73.0,12.689901924081914,69.69432263679593,1.0,0.0,0.0,0.0,0.0,1.0,1.0,0.0,0.0,0.0,0.0
260,86.67553116307965,5.927173306487476,27,1.0,78.1,13.243622105510363,73.26652722896432,0.0,1.0,0.0,0.0,0.0,1.0,0.0,0.0,0.0,0.0,1.0
261,70.92268954828747,7.198169535342067,22,2.0,80.0,15.94761107872682,89.96018910207883,0.0,1.0,0.0,0.0,0.0,1.0,1.0,0.0,0.0,0.0,0.0
262,66.87242799411503,5.503120511539299,24,1.0,73.4,9.123607857034898,97.89791946430122,1.0,0.0,0.0,0.0,1.0,0.0,0.0,0.0,0.0,1.0,0.0
263,89.21472096269918,9.086803083043614,25,0.0,72.0,13.274652418445603,84.33606527309176,0.0,1.0,0.0,0.0,0.0,1.0,0.0,0.0,0.0,0.0,1.0
264,65.59021328741574,6.1930294227754255,18,1.0,64.4,11.37847209357978,72.96408801810631,1.0,0.0,0.0,0.0,1.0,0.0,0.0,0.0,0.0,1.0,0.0
265,100.0,9.09675479345666,29,2.0,77.2,15.797575977638212,91.74676721703536,0.0,1.0,0.0,0.0,0.0,1.0,1.0,0.0,0.0,0.0,0.0
266,36.6126519633582,4.8200806387288,19,1.0,60.1,8.33237975226189,57.4560870723528,1.0,0.0,0.0,0.0,0.0,1.0,1.0,0.0,0.0,0.0,0.0
267,77.33959951983756,8.039072345393508,24,0.0,80.8,11.13244688303746,73.36724886361256,1.0,0.0,0.0,0.0,0.0,1.0,0.0,0.0,1.0,0.0,0.0
268,59.07639467048893,6.652538416453034,28,1.0,62.1,12.432401802103248,86.34422779826232,0.0,1.0,0.0,1.0,0.0,0.0,0.0,0.0,0.0,0.0,1.0
269,98.20528668105736,10.0,19,1.0,76.6,9.199947943577774,100.0,1.0,0.0,1.0,0.0,0.0,0.0,1.0,0.0,0.0,0.0,0.0
270,73.20454178246744,9.798778136070254,24,1.0,86.0,12.474854792332184,100.0,0.0,1.0,0.0,0.0,0.0,1.0,1.0,0.0,0.0,0.0,0.0
271,100.0,8.633083751110423,26,0.0,83.9,16.462324465484944,100.0,1.0,0.0,0.0,0.0,1.0,0.0,0.0,0.0,0.0,0.0,1.0
272,82.88364405925536,6.126986370526375,28,0.0,74.5,10.876392142965102,71.90140949458446,0.0,1.0,0.0,0.0,1.0,0.0,0.0,0.0,0.0,1.0,0.0
273,74.09633533979112,7.02070110592484,19,1.0,72.4,9.742699899516856,58.53656778122823,1.0,0.0,0.0,1.0,0.0,0.0,0.0,0.0,1.0,0.0,0.0
274,92.24140275937626,5.136909141304748,24,0.0,73.8,14.276434008235483,45.193297113393655,0.0,1.0,0.0,0.0,1.0,0.0,0.0,0.0,0.0,0.0,1.0
275,82.03338524567322,7.609118235626038,21,1.0,68.9,10.761952947537338,95.63017520435288,0.0,1.0,0.0,0.0,1.0,0.0,0.0,0.0,0.0,0.0,1.0
276,70.77190030144943,6.679545821753256,28,1.0,70.1,3.329669310176872,100.0,1.0,0.0,0.0,0.0,1.0,0.0,1.0,0.0,0.0,0.0,0.0
277,67.79026529845213,4.603452366862864,19,0.0,60.6,5.68728142792481,92.17819207900716,1.0,0.0,0.0,0.0,1.0,0.0,0.0,0.0,0.0,0.0,1.0
278,63.53909051056814,7.11490531712597,24,2.0,64.5,3.508644508642737,100.0,1.0,0.0,0.0,0.0,0.0,1.0,1.0,0.0,0.0,0.0,0.0
279,51.925968491693936,9.147956336552902,22,2.0,71.4,10.940164562694571,64.93005219216249,1.0,0.0,0.0,1.0,0.0,0.0,0.0,0.0,0.0,0.0,1.0
280,78.73013629473624,7.02070110592484,18,1.0,80.3,15.01028238918686,100.0,1.0,0.0,1.0,0.0,0.0,0.0,1.0,0.0,0.0,0.0,0.0
281,80.72826693512523,8.84691976416956,22,0.0,86.4,8.172342615135152,100.0,1.0,0.0,0.0,0.0,0.0,1.0,0.0,0.0,0.0,0.0,1.0
282,32.32313125403832,7.02070110592484,29,0.0,62.5,7.134423042964123,74.37261276681585,1.0,0.0,0.0,0.0,0.0,1.0,0.0,0.0,0.0,0.0,1.0
283,45.76081813228232,6.415324853291254,29,1.0,75.5,9.390024525152011,75.77802878787496,1.0,0.0,1.0,0.0,0.0,0.0,0.0,0.0,1.0,0.0,0.0
284,71.30010457827676,5.496915283243942,20,0.0,65.4,6.023391780226612,55.531025418138256,1.0,0.0,0.0,0.0,1.0,0.0,1.0,0.0,0.0,0.0,0.0
285,96.60882792275557,5.223329771640931,24,2.0,93.9,20.26667802120207,70.88117586200394,0.0,1.0,0.0,0.0,1.0,0.0,0.0,0.0,0.0,1.0,0.0
286,73.5907024400763,7.02070110592484,23,0.0,76.0,6.536425515354969,79.94267267716246,1.0,0.0,0.0,0.0,1.0,0.0,0.0,0.0,0.0,1.0,0.0
287,64.31534017695395,6.633178726910305,25,1.0,62.0,8.064611584877387,100.0,1.0,0.0,0.0,0.0,1.0,0.0,0.0,0.0,0.0,0.0,1.0
288,77.68090877725527,5.145021637720142,22,1.0,68.7,6.456240717402354,61.33644386189725,1.0,0.0,0.0,0.0,1.0,0.0,0.0,0.0,0.0,0.0,1.0
289,65.35386202692204,7.733959951983758,19,1.0,75.4,13.18193260184928,98.48773049427366,1.0,0.0,0.0,1.0,0.0,0.0,0.0,0.0,1.0,0.0,0.0
290,44.25377278551285,7.02070110592484,26,0.0,74.8,14.84713353686421,81.93634202408091,1.0,0.0,0.0,0.0,0.0,1.0,0.0,0.0,0.0,1.0,0.0
291,80.15281222063598,6.370388509494699,28,1.0,81.1,19.97485485413897,100.0,0.0,1.0,0.0,0.0,0.0,1.0,0.0,0.0,1.0,0.0,0.0
292,77.4671361322875,8.871258219763012,25,0.0,70.6,7.468261713194606,71.64720929973805,1.0,0.0,0.0,0.0,1.0,0.0,0.0,0.0,0.0,0.0,1.0
293,78.50817084869675,4.282813826679387,23,2.0,75.6,7.163943050434417,64.98697584012695,1.0,0.0,0.0,0.0,0.0,1.0,0.0,0.0,0.0,1.0,0.0
294,53.53232824437252,7.409633533979112,27,0.0,64.4,3.595093012433609,60.1061110457975,1.0,0.0,0.0,0.0,1.0,0.0,0.0,0.0,0.0,0.0,1.0
295,70.88498408959214,6.717950631191629,24,2.0,71.9,4.371118996349923,70.05732732283754,1.0,0.0,0.0,1.0,0.0,0.0,0.0,0.0,1.0,0.0,0.0
296,66.83395352626064,6.6448016651771455,26,2.0,63.0,3.420210719408121,94.30840613824168,1.0,0.0,0.0,0.0,0.0,1.0,0.0,0.0,0.0,1.0,0.0
297,73.94028641025606,7.02070110592484,24,0.0,75.0,8.199141380229202,34.33792496377162,1.0,0.0,0.0,0.0,1.0,0.0,0.0,0.0,0.0,0.0,1.0
298,80.29524842242533,4.0,20,1.0,69.7,18.320408687571717,66.27520147579055,0.0,1.0,0.0,1.0,0.0,0.0,0.0,0.0,0.0,1.0,0.0
299,40.85945481280953,4.0,23,0.0,55.6,4.579024212203963,71.29040732069447,1.0,0.0,0.0,0.0,0.0,1.0,0.0,0.0,0.0,0.0,1.0
300,60.035691875038594,7.679287719088697,28,2.0,75.9,7.749599274316886,54.87578966709319,1.0,0.0,0.0,0.0,0.0,1.0,0.0,0.0,0.0,1.0,0.0
301,78.99904766389974,5.90272705452098,28,1.0,70.1,13.337095222279252,95.71579243708976,0.0,1.0,0.0,0.0,0.0,1.0,0.0,0.0,0.0,0.0,1.0
302,100.0,7.86411233147304,24,1.0,89.9,12.23652640390557,67.47434512430753,0.0,1.0,0.0,0.0,1.0,0.0,0.0,0.0,0.0,1.0,0.0
303,86.74553335436143,4.693463125191922,19,1.0,76.1,12.195006042519138,79.42687403068332,1.0,0.0,0.0,0.0,0.0,1.0,0.0,0.0,0.0,0.0,1.0
304,65.4721781774463,5.877985817344087,20,0.0,63.6,3.679668152320916,52.95119265969671,1.0,0.0,0.0,0.0,0.0,1.0,0.0,0.0,1.0,0.0,0.0
305,63.62158403687882,4.0,21,2.0,52.3,1.5776815773773158,78.81174835066923,1.0,0.0,0.0,1.0,0.0,0.0,1.0,0.0,0.0,0.0,0.0
306,67.17950631191628,9.356929746365369,27,0.0,70.8,6.375133971943426,81.82985311717788,1.0,0.0,0.0,0.0,1.0,0.0,1.0,0.0,0.0,0.0,0.0
307,95.11278663865968,7.016937037421695,23,1.0,85.9,10.345280624036016,73.41759399683143,0.0,1.0,0.0,0.0,0.0,1.0,0.0,0.0,0.0,0.0,1.0
308,77.2548695016815,4.110395270554028,18,1.0,81.0,6.584110965474311,94.0698600336233,1.0,0.0,0.0,0.0,1.0,0.0,0.0,0.0,1.0,0.0,0.0
309,58.77985817344087,8.087459808416972,26,2.0,76.3,10.521590485125826,81.40579351714163,1.0,0.0,0.0,0.0,1.0,0.0,0.0,0.0,0.0,0.0,1.0
310,78.3319325541547,7.02070110592484,22,0.0,67.6,9.905901792743483,57.96649619811695,1.0,0.0,0.0,1.0,0.0,0.0,1.0,0.0,0.0,0.0,0.0
311,51.03900445696275,5.801846643623208,29,1.0,75.7,12.85080453188458,60.56572447565166,1.0,0.0,0.0,0.0,1.0,0.0,0.0,0.0,0.0,0.0,1.0
312,60.82006309450608,8.799649007902731,24,1.0,76.4,16.67033068982313,42.49451204140578,0.0,1.0,1.0,0.0,0.0,0.0,0.0,0.0,0.0,1.0,0.0
313,88.15205896199966,6.775221046442127,26,1.0,80.8,6.488422928477039,78.2002082256889,1.0,0.0,0.0,0.0,0.0,1.0,0.0,1.0,0.0,0.0,0.0
314,73.97925802240306,8.430239502521747,26,0.0,69.0,3.8436007861014687,68.32951900904756,1.0,0.0,0.0,1.0,0.0,0.0,0.0,0.0,0.0,0.0,1.0
315,75.2022565180607,8.973936784177564,18,0.0,58.7,3.975322830564647,94.46897458186172,1.0,0.0,0.0,0.0,1.0,0.0,0.0,0.0,0.0,0.0,1.0
316,68.96415812789195,5.678667820619605,18,0.0,70.1,12.895197190696765,54.455065624186645,0.0,1.0,0.0,0.0,1.0,0.0,1.0,0.0,0.0,0.0,0.0
317,70.62118902070965,7.02070110592484,20,1.0,59.3,6.86401821199939,57.30814715238332,0.0,1.0,0.0,1.0,0.0,0.0,0.0,0.0,0.0,0.0,1.0
318,66.13757737400276,10.0,23,0.0,80.0,8.385340037366955,100.0,0.0,1.0,0.0,0.0,0.0,1.0,1.0,0.0,0.0,0.0,0.0
319,82.50671498687664,5.917429335673875,19,1.0,84.5,9.263421766150708,100.0,1.0,0.0,0.0,0.0,1.0,0.0,0.0,0.0,0.0,1.0,0.0
320,80.43861905318438,7.02070110592484,27,0.0,77.0,10.711222476716491,58.32438001749779,0.0,1.0,0.0,0.0,1.0,0.0,0.0,0.0,1.0,0.0,0.0
321,78.95403012107312,6.5747171117550565,29,2.0,84.6,11.09386534305792,100.0,0.0,1.0,0.0,0.0,1.0,0.0,1.0,0.0,0.0,0.0,0.0
322,72.6291764288953,7.02070110592484,28,2.0,74.4,7.914988166961122,96.8654453997572,0.0,1.0,0.0,0.0,0.0,1.0,0.0,0.0,0.0,0.0,1.0
323,37.04659221710914,5.722487214858772,18,1.0,40.0,1.0,28.48055083854689,1.0,0.0,0.0,0.0,1.0,0.0,0.0,0.0,1.0,0.0,0.0
324,78.06970577224574,8.791942661014877,18,1.0,50.2,8.995909700537938,91.25308158299394,0.0,1.0,0.0,0.0,0.0,1.0,0.0,0.0,0.0,0.0,1.0
325,59.36872215220706,6.729434972633538,22,0.0,65.0,4.884983719648823,86.28533599517051,1.0,0.0,1.0,0.0,0.0,0.0,0.0,0.0,1.0,0.0,0.0
326,51.61085876645511,8.203338524567322,21,0.0,68.3,9.629563627693072,65.21386730688323,0.0,1.0,0.0,0.0,1.0,0.0,0.0,0.0,0.0,0.0,1.0
327,51.36909141304748,8.372017961907858,18,0.0,69.4,11.747415030173492,97.23404155077289,1.0,0.0,0.0,0.0,1.0,0.0,1.0,0.0,0.0,0.0,0.0
328,64.99713925678567,5.103900445696275,21,1.0,61.3,9.981181424980525,69.59029041945558,1.0,0.0,0.0,0.0,0.0,1.0,0.0,1.0,0.0,0.0,0.0
329,59.27173306487476,6.6370554528503085,20,1.0,60.4,13.151269124435537,94.63080782092548,1.0,0.0,0.0,0.0,0.0,1.0,0.0,0.0,0.0,1.0,0.0
330,68.39738111639478,6.240478513958381,19,2.0,65.2,7.707871607076176,68.91036148814065,0.0,1.0,0.0,0.0,1.0,0.0,0.0,0.0,0.0,0.0,1.0
331,85.99455852722998,6.40719471508852,26,1.0,76.2,9.136344919271462,96.50413016376878,1.0,0.0,0.0,0.0,0.0,1.0,1.0,0.0,0.0,0.0,0.0
332,62.01715403621044,7.02070110592484,28,1.0,62.1,9.893353574280823,28.48055083854689,1.0,0.0,0.0,0.0,1.0,0.0,0.0,0.0,0.0,0.0,1.0
333,61.88676282334059,8.566613192308894,18,1.0,82.6,12.7044123922198,73.46792910498708,0.0,1.0,0.0,0.0,1.0,0.0,0.0,0.0,1.0,0.0,0.0
334,84.00864911891581,7.617301685360966,24,1.0,63.0,12.74808145534852,69.38178300707912,1.0,0.0,0.0,1.0,0.0,0.0,0.0,0.0,0.0,1.0,0.0
335,65.98174348623925,4.998900793053061,21,0.0,82.2,10.496368743619843,100.0,0.0,1.0,1.0,0.0,0.0,0.0,1.0,0.0,0.0,0.0,0.0
336,59.84718777936393,7.088498408959214,22,1.0,71.6,8.424941383286866,56.08767466513362,0.0,1.0,0.0,0.0,1.0,0.0,1.0,0.0,0.0,0.0,0.0
337,52.08057338985122,7.092268954828747,27,1.0,68.9,4.71257492808577,66.93288913887687,1.0,0.0,0.0,0.0,1.0,0.0,0.0,0.0,0.0,1.0,0.0
338,76.79287719088697,7.145128794325577,22,1.0,63.8,3.5376755345150563,77.59164627344273,1.0,0.0,0.0,0.0,1.0,0.0,1.0,0.0,0.0,0.0,0.0
339,40.60696024243703,7.855241359565374,18,2.0,64.7,4.226926549186709,49.265961289153054,1.0,0.0,0.0,0.0,1.0,0.0,1.0,0.0,0.0,0.0,0.0
340,56.78667820619605,5.998871433316225,23,1.0,71.8,10.622616830415335,85.06994780783751,0.0,1.0,0.0,1.0,0.0,0.0,1.0,0.0,0.0,0.0,0.0
341,74.72517585013941,5.673111036428749,26,0.0,70.3,5.971539627090493,100.0,1.0,0.0,0.0,0.0,0.0,1.0,0.0,0.0,1.0,0.0,0.0
342,46.430702536346345,7.343596684353977,19,1.0,65.7,10.06900346915896,30.483535951144265,0.0,1.0,0.0,0.0,1.0,0.0,0.0,0.0,0.0,0.0,1.0
343,63.99047124289255,6.435575884323065,24,1.0,71.3,10.749263178526244,80.14989683466298,1.0,0.0,0.0,1.0,0.0,0.0,0.0,1.0,0.0,0.0,0.0
344,56.27982038092142,6.907731045171253,23,0.0,73.3,5.813308195741157,82.95835838734523,1.0,0.0,0.0,1.0,0.0,0.0,1.0,0.0,0.0,0.0,0.0
345,57.43992458722347,7.024465174427986,22,1.0,53.6,7.996823747630851,80.72269871509836,1.0,0.0,0.0,0.0,1.0,0.0,0.0,0.0,0.0,0.0,1.0
346,76.66800784534699,7.4843979887899135,21,2.0,69.7,11.680889371170956,77.13682517814027,1.0,0.0,0.0,0.0,1.0,0.0,0.0,0.0,1.0,0.0,0.0
347,80.58294972756087,9.344082230833504,21,2.0,81.4,21.62986229036328,84.00160290273246,0.0,1.0,0.0,1.0,0.0,0.0,0.0,0.0,0.0,0.0,1.0
348,58.17317038018787,7.186785049124601,23,0.0,74.4,10.546825505808856,81.03709576340495,1.0,0.0,0.0,0.0,1.0,0.0,0.0,0.0,0.0,0.0,1.0
349,69.15271577799773,5.459129921813998,21,2.0,77.2,11.20981515716564,78.96516939959795,1.0,0.0,0.0,0.0,1.0,0.0,1.0,0.0,0.0,0.0,0.0
350,100.0,7.130010457827676,22,1.0,91.8,19.713515062396823,84.44813081429254,0.0,1.0,0.0,0.0,0.0,1.0,0.0,0.0,0.0,1.0,0.0
351,41.10395270554027,6.333199215465301,23,1.0,61.3,8.118586281076881,83.83531684220327,1.0,0.0,0.0,0.0,1.0,0.0,0.0,0.0,0.0,1.0,0.0
352,67.71414115738799,5.465495115894647,22,1.0,62.6,1.0,49.94024749199615,1.0,0.0,0.0,0.0,0.0,1.0,0.0,0.0,0.0,1.0,0.0
353,82.29483546057702,7.02070110592484,24,2.0,78.1,16.26493812700096,75.92871449541055,0.0,1.0,0.0,1.0,0.0,0.0,0.0,0.0,0.0,1.0,0.0
354,68.24588687735894,4.830844610622737,26,1.0,75.7,11.339418837920247,59.43550187890288,1.0,0.0,0.0,0.0,0.0,1.0,0.0,0.0,0.0,0.0,1.0
355,86.88664301095024,8.383495327625285,27,1.0,67.2,12.718945673179446,87.4828948440993,1.0,0.0,0.0,0.0,0.0,1.0,0.0,0.0,0.0,0.0,1.0
356,78.15683701953833,7.987064477483433,24,1.0,79.0,19.47629647393105,68.8051493692294,0.0,1.0,0.0,0.0,0.0,1.0,0.0,0.0,1.0,0.0,0.0
357,84.96879488460701,8.112081405761703,24,1.0,69.0,19.552997990795888,81.77668137335856,0.0,1.0,0.0,0.0,1.0,0.0,0.0,0.0,0.0,0.0,1.0
358,85.15572987463159,7.448844598685775,21,0.0,93.7,19.18987578695732,95.97495225452865,0.0,1.0,0.0,0.0,1.0,0.0,1.0,0.0,0.0,0.0,0.0
359,67.52356852871105,7.895403012107311,18,2.0,75.0,15.58184445145381,75.42658570287671,0.0,1.0,0.0,0.0,0.0,1.0,1.0,0.0,0.0,0.0,0.0
360,59.51337868325159,6.566875148264454,25,1.0,60.4,1.0,33.933287915191734,1.0,0.0,0.0,0.0,1.0,0.0,0.0,0.0,0.0,0.0,1.0
361,100.0,7.005645572505842,21,1.0,86.3,14.168904995625432,93.44660436833712,0.0,1.0,0.0,1.0,0.0,0.0,0.0,0.0,0.0,1.0,0.0
362,67.94234500982425,6.41126194614252,18,0.0,78.3,10.21962012270132,100.0,1.0,0.0,0.0,1.0,0.0,0.0,1.0,0.0,0.0,0.0,0.0
363,77.63803065796301,7.02070110592484,22,1.0,69.9,10.9657158340662,76.73347277103568,0.0,1.0,0.0,0.0,1.0,0.0,0.0,1.0,0.0,0.0,0.0
364,78.59673087110762,7.02070110592484,25,0.0,71.8,10.244738589908016,69.12028438322099,1.0,0.0,0.0,1.0,0.0,0.0,0.0,0.0,0.0,1.0,0.0
365,65.90366466020888,7.922536754807604,21,0.0,66.4,4.756261936367844,96.14970028765693,1.0,0.0,0.0,1.0,0.0,0.0,1.0,0.0,0.0,0.0,0.0
366,59.22307005619965,6.122524185971613,29,1.0,55.5,5.132756354534563,81.98966012069397,1.0,0.0,0.0,0.0,1.0,0.0,0.0,0.0,0.0,0.0,1.0
367,64.5572455372971,8.49069977149722,25,1.0,64.0,7.193364529810037,75.12545769337147,1.0,0.0,0.0,0.0,0.0,1.0,1.0,0.0,0.0,0.0,0.0
368,68.62432120772085,9.842888942179314,25,1.0,69.8,10.55944820120794,72.50953267833866,1.0,0.0,0.0,0.0,1.0,0.0,0.0,0.0,1.0,0.0,0.0
369,74.48844598685776,7.02070110592484,20,0.0,78.5,18.93077780630538,72.45895133157748,0.0,1.0,0.0,0.0,0.0,1.0,0.0,0.0,1.0,0.0,0.0
370,71.79201405142699,5.120518561899711,26,1.0,65.3,19.40176222701912,62.08738501448036,0.0,1.0,0.0,1.0,0.0,0.0,0.0,0.0,1.0,0.0,0.0
371,77.12820610092737,7.02070110592484,20,0.0,85.5,14.80714671511618,75.32620232570649,0.0,1.0,0.0,0.0,0.0,1.0,0.0,0.0,1.0,0.0,0.0
372,92.94337279213204,7.02070110592484,18,2.0,68.1,9.02149910849398,80.30567736320407,1.0,0.0,0.0,0.0,0.0,1.0,0.0,0.0,0.0,0.0,1.0
373,100.0,7.02070110592484,19,1.0,82.6,12.574616583793452,100.0,1.0,0.0,0.0,0.0,0.0,1.0,0.0,0.0,0.0,1.0,0.0
374,77.38205234212572,7.691821906855884,23,1.0,80.6,18.370928879553222,87.23991587399189,0.0,1.0,0.0,0.0,0.0,1.0,0.0,0.0,0.0,1.0,0.0
375,68.47306601357943,7.320454178246745,29,1.0,57.4,1.0,51.107431186468304,1.0,0.0,0.0,0.0,1.0,0.0,0.0,0.0,0.0,0.0,1.0
376,66.21533722102515,7.02070110592484,27,0.0,70.2,8.647572604863894,36.47193694072036,0.0,1.0,1.0,0.0,0.0,0.0,0.0,0.0,0.0,0.0,1.0
377,71.03584187210805,7.881945777250283,19,2.0,65.1,6.662904777720758,78.35279070026195,1.0,0.0,0.0,0.0,0.0,1.0,0.0,0.0,0.0,1.0,0.0
378,64.47677069920262,6.813214950875399,23,0.0,62.3,8.39855162071459,60.43519289398524,1.0,0.0,0.0,0.0,0.0,1.0,0.0,0.0,0.0,1.0,0.0
379,69.30346412844209,6.975534825572014,18,1.0,77.5,8.699552874137268,100.0,1.0,0.0,0.0,0.0,0.0,1.0,0.0,0.0,0.0,1.0,0.0
380,58.978028451754,6.759984383073332,28,1.0,77.5,5.271918666283405,88.85429793858012,1.0,0.0,0.0,0.0,1.0,0.0,0.0,0.0,0.0,1.0,0.0
381,74.60666749286032,9.39654763313714,18,0.0,73.4,7.33905134540348,52.38965140429091,1.0,0.0,0.0,0.0,1.0,0.0,1.0,0.0,0.0,0.0,0.0
382,44.73304473213194,4.0,22,2.0,68.8,1.417924261837614,59.7729465107139,1.0,0.0,0.0,1.0,0.0,0.0,1.0,0.0,0.0,0.0,0.0
383,75.80616524536781,8.515572987463159,27,1.0,72.1,11.53555583095344,71.18825164933077,0.0,1.0,0.0,0.0,1.0,0.0,1.0,0.0,0.0,0.0,0.0
384,94.96122606271514,7.02070110592484,28,0.0,71.5,21.62986229036328,79.83926062866256,0.0,1.0,1.0,0.0,0.0,0.0,0.0,0.0,0.0,0.0,1.0
385,70.58352159090622,10.0,26,0.0,85.6,17.607625286962733,93.83399643477384,0.0,1.0,0.0,1.0,0.0,0.0,0.0,0.0,1.0,0.0,0.0
386,90.57485838358964,6.7026122950301525,25,0.0,91.4,20.598341150068222,81.14222332381377,0.0,1.0,0.0,1.0,0.0,0.0,1.0,0.0,0.0,0.0,0.0
387,77.80992241858773,6.971770537823044,20,2.0,91.0,17.12505270394773,100.0,0.0,1.0,0.0,0.0,0.0,1.0,1.0,0.0,0.0,0.0,0.0
388,71.0735720976643,7.282049368808371,20,1.0,66.6,8.530071095805246,75.82825202761286,0.0,1.0,1.0,0.0,0.0,0.0,1.0,0.0,0.0,0.0,0.0
389,63.74496450088337,7.02070110592484,18,0.0,66.8,13.559905526223623,81.45863985053218,1.0,0.0,0.0,1.0,0.0,0.0,1.0,0.0,0.0,0.0,0.0
390,97.36833903705624,6.109090691666133,20,0.0,77.8,17.159854455176827,72.05368706460283,0.0,1.0,0.0,0.0,1.0,0.0,0.0,0.0,0.0,0.0,1.0
391,43.57077950738734,8.612809762282659,29,1.0,48.8,1.0,100.0,1.0,0.0,0.0,0.0,0.0,1.0,0.0,0.0,0.0,0.0,1.0
392,66.37055452850308,6.3867923209443145,29,1.0,71.1,11.72076829473536,86.58078876278705,0.0,1.0,0.0,0.0,0.0,1.0,0.0,0.0,0.0,0.0,1.0
393,72.85881126300193,7.224778953557873,29,1.0,81.2,11.58824796755547,71.85061079730771,0.0,1.0,0.0,0.0,0.0,1.0,0.0,1.0,0.0,0.0,0.0
394,58.47887030243528,10.0,28,1.0,65.3,4.533638650060702,87.85086488710628,1.0,0.0,0.0,1.0,0.0,0.0,0.0,0.0,0.0,1.0,0.0
395,84.78415625300879,5.346339449477253,18,0.0,76.1,10.131744956959048,88.09860967378242,1.0,0.0,0.0,0.0,0.0,1.0,0.0,0.0,0.0,0.0,1.0
396,72.47643147128895,9.452120451869972,25,1.0,86.4,16.956010276812044,83.55951794105032,0.0,1.0,0.0,1.0,0.0,0.0,0.0,0.0,0.0,0.0,1.0
397,72.51459302519646,5.711635594074464,18,2.0,63.3,7.411048627388164,72.56009810060804,1.0,0.0,0.0,0.0,0.0,1.0,0.0,1.0,0.0,0.0,0.0
398,55.99135088108418,5.353232824437252,22,0.0,81.2,7.310098075918086,86.75927703000377,1.0,0.0,0.0,1.0,0.0,0.0,1.0,0.0,0.0,0.0,0.0
399,57.27888019677803,6.820798594857302,26,1.0,79.4,5.741624049529237,48.44036791756256,1.0,0.0,0.0,0.0,0.0,1.0,0.0,0.0,0.0,0.0,1.0
400,76.58501812755742,7.621400295301383,24,1.0,77.0,9.85570457197804,65.60793881635169,1.0,0.0,0.0,1.0,0.0,0.0,0.0,0.0,1.0,0.0,0.0
401,62.70279459369032,7.065886036810396,21,1.0,64.8,13.447644519951917,62.76008412600811,1.0,0.0,1.0,0.0,0.0,0.0,0.0,0.0,1.0,0.0,0.0
402,98.42888942179316,8.91295371190323,28,0.0,86.1,16.763113821098443,78.45462032291415,0.0,1.0,0.0,0.0,1.0,0.0,0.0,0.0,0.0,0.0,1.0
403,62.57543562300345,7.977736471369237,26,2.0,71.2,12.99968255463325,47.566855488546935,0.0,1.0,0.0,1.0,0.0,0.0,0.0,0.0,0.0,0.0,1.0
404,77.98284596378957,6.201715403621044,26,1.0,66.7,1.0,86.52149775297386,1.0,0.0,0.0,0.0,0.0,1.0,0.0,0.0,0.0,1.0,0.0
405,68.32165539637622,4.0859454812809535,19,1.0,80.4,8.01041040316369,87.91261498551962,1.0,0.0,0.0,1.0,0.0,0.0,0.0,0.0,1.0,0.0,0.0
406,56.842065304264594,7.02070110592484,27,1.0,73.0,8.132045523173264,79.58128912471969,1.0,0.0,0.0,0.0,0.0,1.0,0.0,0.0,1.0,0.0,0.0
407,33.87174444373627,5.717069797529355,27,0.0,58.7,1.0,33.06958835144744,1.0,0.0,0.0,0.0,0.0,1.0,0.0,0.0,0.0,0.0,1.0
408,74.44910105645162,7.940794536400183,28,0.0,68.4,12.139879485262576,74.42281828791216,1.0,0.0,0.0,0.0,0.0,1.0,1.0,0.0,0.0,0.0,0.0
409,61.04596987892688,7.02070110592484,29,1.0,55.1,5.291500891306536,60.36969406027978,1.0,0.0,0.0,0.0,0.0,1.0,1.0,0.0,0.0,0.0,0.0
410,59.94163839065713,7.02070110592484,23,0.0,68.8,4.418155548546187,55.12400304670373,1.0,0.0,0.0,0.0,1.0,0.0,0.0,0.0,0.0,0.0,1.0
411,77.55246085587812,7.613207679055685,21,1.0,73.6,12.044025596852286,100.0,0.0,1.0,0.0,0.0,0.0,1.0,1.0,0.0,0.0,0.0,0.0
412,62.19007758141227,6.648671209128071,25,1.0,63.1,6.226678652634485,71.69809137161474,1.0,0.0,0.0,0.0,0.0,1.0,1.0,0.0,0.0,0.0,0.0
413,61.84316298046167,10.0,29,1.0,80.9,14.535401221381496,92.76618689675576,0.0,1.0,0.0,0.0,0.0,1.0,0.0,0.0,0.0,0.0,1.0
414,57.599534052425525,4.952113943172902,28,1.0,71.6,6.309555762977359,61.77676251420525,1.0,0.0,0.0,0.0,1.0,0.0,0.0,0.0,1.0,0.0,0.0
415,75.9280528491148,5.932028342132912,24,1.0,83.9,8.45128734230735,94.95839317947602,1.0,0.0,0.0,0.0,1.0,0.0,0.0,0.0,1.0,0.0,0.0
416,91.3751581118432,6.51163515132341,24,0.0,65.3,8.145491243554515,38.77085102239184,1.0,0.0,0.0,0.0,0.0,1.0,0.0,0.0,0.0,0.0,1.0
417,90.6717063843152,8.152112969756473,28,1.0,74.3,16.210302862317505,86.9387068280975,1.0,0.0,0.0,0.0,1.0,0.0,0.0,0.0,1.0,0.0,0.0
418,80.24766710357707,6.236196934203699,27,1.0,73.0,7.818800368947635,76.53207089501294,1.0,0.0,1.0,0.0,0.0,0.0,0.0,0.0,0.0,0.0,1.0
419,87.46665558956472,6.358036154421226,26,1.0,73.6,11.66762024773811,51.71112588058037,1.0,0.0,0.0,0.0,1.0,0.0,0.0,0.0,1.0,0.0,0.0
420,50.69947096686479,7.02070110592484,22,0.0,82.1,9.08536217997041,62.33365609510917,1.0,0.0,0.0,0.0,1.0,0.0,0.0,0.0,0.0,0.0,1.0
421,54.203406040185534,7.417452531348693,23,1.0,62.5,2.186392563888317,68.22331862664144,1.0,0.0,0.0,1.0,0.0,0.0,0.0,0.0,0.0,0.0,1.0
422,86.95776144678182,7.347461583546966,18,0.0,86.9,11.614659962633043,77.84488990686597,1.0,0.0,0.0,0.0,1.0,0.0,1.0,0.0,0.0,0.0,0.0
423,99.39303975756296,7.793951641463011,23,0.0,79.3,8.725490047202637,54.36982479564712,0.0,1.0,0.0,0.0,0.0,1.0,1.0,0.0,0.0,0.0,0.0
424,46.03452366862864,5.128741780236988,19,0.0,64.6,1.0,46.219973698121,1.0,0.0,0.0,0.0,0.0,1.0,0.0,1.0,0.0,0.0,0.0
425,57.65242583592117,8.082570664326125,23,2.0,62.9,7.567598197896773,93.7559553606062,1.0,0.0,0.0,0.0,0.0,1.0,0.0,0.0,0.0,0.0,1.0
426,59.46526878543112,6.507664872976895,26,0.0,69.9,7.525145207667817,82.52565487569267,1.0,0.0,0.0,0.0,1.0,0.0,0.0,0.0,0.0,0.0,1.0
427,86.46767175562748,6.539333250713968,25,0.0,83.7,4.6239674590578055,99.412806976947,1.0,0.0,0.0,1.0,0.0,0.0,1.0,0.0,0.0,0.0,0.0
428,65.82547468651308,6.694931550784975,26,0.0,82.5,9.0342841659338,76.33082426556284,1.0,0.0,0.0,1.0,0.0,0.0,1.0,0.0,0.0,0.0,0.0
429,47.98209374500894,9.00109920694694,27,0.0,69.4,1.2488919143830728,48.31867724070749,1.0,0.0,0.0,0.0,1.0,0.0,0.0,0.0,0.0,0.0,1.0
430,69.68006072284248,4.741379491431488,25,1.0,74.0,10.08155058142662,71.54537967708585,1.0,0.0,0.0,1.0,0.0,0.0,0.0,1.0,0.0,0.0,0.0
431,64.95733188648714,7.772384975138036,20,0.0,85.9,15.512201835075825,83.0127050094766,0.0,1.0,0.0,1.0,0.0,0.0,0.0,0.0,1.0,0.0,0.0
432,75.56352626933645,6.733259531520415,25,0.0,62.6,18.422318422622688,100.0,0.0,1.0,0.0,1.0,0.0,0.0,0.0,0.0,0.0,1.0,0.0
433,83.04769507020612,8.896099554303724,23,1.0,67.5,15.605300720615986,66.82389761259086,0.0,1.0,0.0,0.0,0.0,1.0,0.0,0.0,0.0,1.0,0.0
434,54.71832797450519,6.737082357110469,23,1.0,70.8,5.31101115984845,58.67700225954681,1.0,0.0,0.0,0.0,0.0,1.0,0.0,0.0,0.0,0.0,1.0
435,30.0,8.47231058656941,23,1.0,58.6,3.789697137682493,67.68937046054062,1.0,0.0,0.0,1.0,0.0,0.0,0.0,0.0,1.0,0.0,0.0
436,53.80465107163377,7.532233446570118,20,1.0,79.8,9.04706291233269,77.99705271410498,1.0,0.0,0.0,0.0,1.0,0.0,0.0,0.0,0.0,0.0,1.0
437,55.39826906360365,8.560134324701197,27,0.0,61.2,3.651678074096683,56.70642717456189,1.0,0.0,0.0,0.0,1.0,0.0,0.0,0.0,1.0,0.0,0.0
438,100.0,7.02070110592484,18,1.0,83.4,10.95293708766731,100.0,1.0,0.0,1.0,0.0,0.0,0.0,1.0,0.0,0.0,0.0,0.0
439,85.09315774968012,6.519565486214377,29,0.0,69.8,12.617685066711584,78.50556857186041,1.0,0.0,1.0,0.0,0.0,0.0,0.0,0.0,0.0,1.0,0.0
440,60.68351607948853,6.394966685415766,21,1.0,65.3,1.0,60.23822305190944,1.0,0.0,0.0,0.0,0.0,1.0,0.0,0.0,1.0,0.0,0.0
441,69.94354427494157,7.02070110592484,27,1.0,75.6,8.239243015105336,69.32956149006742,1.0,0.0,0.0,0.0,1.0,0.0,0.0,0.0,0.0,1.0,0.0
442,89.47406647407179,6.308178093144116,29,0.0,89.3,12.126138654373726,98.8925688135317,1.0,0.0,1.0,0.0,0.0,0.0,0.0,0.0,1.0,0.0,0.0
443,45.33447194854243,7.425282888244943,23,1.0,84.3,11.94891715569582,80.357675351681,1.0,0.0,0.0,1.0,0.0,0.0,0.0,0.0,0.0,1.0,0.0
444,74.76474390266641,7.785305520013475,28,2.0,75.3,8.078126171128135,90.83767618274864,0.0,1.0,0.0,0.0,1.0,0.0,0.0,0.0,1.0,0.0,0.0
445,76.46090948943187,4.71771241391118,29,2.0,62.0,5.669053739232513,40.22537904181626,1.0,0.0,0.0,0.0,0.0,1.0,1.0,0.0,0.0,0.0,0.0
446,66.67984447698751,6.590366466020888,27,1.0,67.9,15.77307345081329,51.90770619674684,0.0,1.0,0.0,0.0,0.0,1.0,0.0,0.0,0.0,0.0,1.0
447,66.56403315646024,6.934113963189604,19,1.0,61.9,9.314115003274752,51.51226950572634,1.0,0.0,0.0,0.0,1.0,0.0,0.0,0.0,0.0,0.0,1.0
448,89.38697339645483,5.610735513546081,24,0.0,68.5,6.756377894489636,99.73304483039811,0.0,1.0,1.0,0.0,0.0,0.0,0.0,0.0,0.0,0.0,1.0
449,70.6965358715579,8.681590216184796,24,0.0,77.9,12.64650547154337,55.206063294362366,0.0,1.0,1.0,0.0,0.0,0.0,1.0,0.0,0.0,0.0,0.0
450,70.43288628406587,5.452736859673534,28,1.0,70.1,12.01677771528078,47.94754471560622,1.0,0.0,0.0,0.0,1.0,0.0,1.0,0.0,0.0,0.0,0.0
451,92.70383397290578,5.7652425835921175,21,1.0,74.8,5.848829212068391,51.61198670964615,0.0,1.0,0.0,1.0,0.0,0.0,1.0,0.0,0.0,0.0,0.0
452,78.55241359565373,5.956138094681562,21,2.0,66.1,5.723565991764516,84.89941916932872,1.0,0.0,0.0,0.0,1.0,0.0,0.0,0.0,0.0,1.0,0.0
453,59.609276546064905,8.991972406182807,18,1.0,61.7,2.392374713037268,69.01540535085633,1.0,0.0,0.0,0.0,0.0,1.0,0.0,0.0,0.0,1.0,0.0
454,62.87179389907263,7.729720540630968,19,1.0,72.8,7.637967296426867,60.03981089792117,0.0,1.0,0.0,0.0,1.0,0.0,0.0,0.0,0.0,0.0,1.0
455,77.0860981107194,6.621533722102515,26,1.0,75.8,18.69365523954594,68.85777667618623,0.0,1.0,0.0,0.0,1.0,0.0,0.0,0.0,0.0,0.0,1.0
456,98.8960472944597,8.250671498687664,27,2.0,77.2,11.522409627964835,100.0,1.0,0.0,0.0,0.0,1.0,0.0,1.0,0.0,0.0,0.0,0.0
457,74.37050263808752,5.786247738460663,25,1.0,54.6,10.901883424554876,61.83914030022089,1.0,0.0,0.0,0.0,1.0,0.0,0.0,0.0,0.0,0.0,1.0
458,57.75775169466011,7.02070110592484,25,1.0,59.7,1.0,51.20955568509272,1.0,0.0,0.0,0.0,0.0,1.0,0.0,0.0,1.0,0.0,0.0
459,55.75679094833146,5.857970988303542,26,1.0,66.7,4.177781470145091,91.3229977404532,1.0,0.0,1.0,0.0,0.0,0.0,1.0,0.0,0.0,0.0,0.0
460,57.86247738460663,8.067971657867087,24,2.0,56.7,9.84315319170396,62.88089725978514,1.0,0.0,0.0,0.0,0.0,1.0,1.0,0.0,0.0,0.0,0.0
461,30.0,7.02070110592484,26,0.0,54.0,1.3063447604540652,39.27688877477846,1.0,0.0,0.0,0.0,1.0,0.0,0.0,0.0,0.0,1.0,0.0
462,72.43828593928937,4.5038773937284855,27,2.0,77.2,14.13348864919151,79.63282111395955,0.0,1.0,1.0,0.0,0.0,0.0,0.0,0.0,1.0,0.0,0.0
463,69.4541421596019,5.9076394670488925,29,1.0,72.0,7.237315648255126,54.62443729934026,1.0,0.0,0.0,1.0,0.0,0.0,0.0,0.0,0.0,0.0,1.0
464,49.4251416164102,5.66194246151071,19,1.0,76.9,11.11957898982558,82.09644595426825,0.0,1.0,0.0,0.0,1.0,0.0,0.0,0.0,1.0,0.0,0.0
465,54.84427012536842,8.412549732608039,23,1.0,70.3,10.043910469137971,67.58196497421805,0.0,1.0,0.0,0.0,1.0,0.0,1.0,0.0,0.0,0.0,0.0
466,77.76685411783532,7.02070110592484,20,1.0,70.3,14.55436434517675,53.93787472024738,0.0,1.0,0.0,0.0,1.0,0.0,0.0,0.0,0.0,0.0,1.0
467,63.03989316157973,6.077463245192392,28,0.0,66.0,6.8792762889751735,66.76931086185377,1.0,0.0,1.0,0.0,0.0,0.0,0.0,0.0,0.0,0.0,1.0
468,64.0719471508852,6.050024207133188,23,2.0,70.6,1.873628010351444,68.69976553314747,1.0,0.0,0.0,0.0,0.0,1.0,1.0,0.0,0.0,0.0,0.0
469,48.52043663447102,7.452782182255371,20,1.0,69.8,7.496743960031735,53.49586983623122,0.0,1.0,0.0,1.0,0.0,0.0,0.0,0.0,0.0,0.0,1.0
470,75.0825110300189,5.60494573041443,25,1.0,72.7,5.031000761675929,67.42045356927193,1.0,0.0,0.0,1.0,0.0,0.0,0.0,0.0,0.0,0.0,1.0
471,84.7231058656941,7.335873696947674,28,0.0,77.4,6.0918702732976175,67.52818209269306,1.0,0.0,1.0,0.0,0.0,0.0,0.0,0.0,1.0,0.0,0.0
472,67.25608653991118,7.02070110592484,21,1.0,74.6,16.183261207599532,68.7524791335433,1.0,0.0,0.0,0.0,1.0,0.0,0.0,0.0,1.0,0.0,0.0
473,64.03123120949108,7.6296114905053,29,1.0,59.4,7.14919546811542,28.48055083854689,0.0,1.0,0.0,0.0,1.0,0.0,0.0,0.0,0.0,0.0,1.0
474,68.77543664770943,7.696010683842028,27,1.0,75.5,12.836056949565585,83.78002417007656,1.0,0.0,0.0,0.0,1.0,0.0,0.0,0.0,0.0,0.0,1.0
475,56.393796335855455,7.02070110592484,23,1.0,68.9,6.276527761449374,35.80928032324937,1.0,0.0,0.0,0.0,1.0,0.0,0.0,0.0,1.0,0.0,0.0
476,80.77692994380268,7.02070110592484,26,1.0,84.3,12.390123446393051,93.217457380707,0.0,1.0,0.0,1.0,0.0,0.0,0.0,0.0,0.0,0.0,1.0
477,71.22456335229057,7.02070110592484,19,2.0,73.9,17.899841765205625,73.16576161029447,0.0,1.0,0.0,1.0,0.0,0.0,0.0,0.0,0.0,1.0,0.0
478,95.74622721448716,7.02070110592484,19,1.0,74.6,17.856432487884554,69.95378296136687,0.0,1.0,0.0,1.0,0.0,0.0,1.0,0.0,0.0,0.0,0.0
479,82.93815571622558,9.137515811184318,24,2.0,72.3,17.09059275311244,77.43990189939196,0.0,1.0,0.0,0.0,0.0,1.0,0.0,0.0,0.0,0.0,1.0
480,83.72017961907858,7.06965358715579,19,0.0,76.0,16.292538445233852,73.51825451077228,1.0,0.0,0.0,0.0,0.0,1.0,0.0,0.0,0.0,0.0,1.0
481,43.20766658108384,8.072826693512525,19,1.0,66.4,1.6795913124282862,79.067579322867,1.0,0.0,0.0,1.0,0.0,0.0,0.0,0.0,0.0,0.0,1.0
482,72.74391346008882,4.923057612568265,21,1.0,57.3,10.420776654452323,41.10154646663401,1.0,0.0,0.0,0.0,0.0,1.0,0.0,0.0,0.0,0.0,1.0
483,61.71194694476538,6.04080722126924,26,1.0,72.9,7.08995456842125,75.72781045386414,0.0,1.0,0.0,1.0,0.0,0.0,0.0,0.0,0.0,0.0,1.0
484,56.6194246151071,5.16108587664551,25,2.0,70.0,4.487798164924177,54.95887044325256,1.0,0.0,0.0,0.0,1.0,0.0,1.0,0.0,0.0,0.0,0.0
485,52.68077964756013,6.0315538760860266,19,0.0,62.0,9.818047386533966,70.72727762337674,0.0,1.0,0.0,0.0,0.0,1.0,0.0,0.0,0.0,0.0,1.0
486,64.51702784540545,8.266727616850945,25,0.0,76.1,7.266498038020111,70.21239674656495,0.0,1.0,0.0,0.0,0.0,1.0,1.0,0.0,0.0,0.0,0.0
487,76.09118235626038,7.039523487087712,21,2.0,71.5,6.159623434145092,89.04630828609184,1.0,0.0,0.0,0.0,0.0,1.0,1.0,0.0,0.0,0.0,0.0
488,42.22399364378007,7.02070110592484,19,0.0,71.0,6.940021031502027,33.511107825488445,1.0,0.0,0.0,0.0,1.0,0.0,0.0,0.0,0.0,0.0,1.0
489,73.74582109322301,6.479774348193931,28,1.0,66.4,7.060180742499056,62.82054624581481,1.0,0.0,0.0,1.0,0.0,0.0,0.0,0.0,0.0,0.0,1.0
490,87.61579787070525,8.534504884105353,27,1.0,69.1,13.02977568505371,83.17610238740914,0.0,1.0,0.0,0.0,0.0,1.0,0.0,0.0,0.0,0.0,1.0
491,48.30844610622738,7.1224563352290575,24,2.0,56.4,5.11256720028967,66.10932287287066,1.0,0.0,1.0,0.0,0.0,0.0,0.0,0.0,0.0,0.0,1.0
492,83.95054269585569,5.77577516946601,23,0.0,69.7,8.79018484283436,74.97490861929751,1.0,0.0,0.0,0.0,0.0,1.0,0.0,1.0,0.0,0.0,0.0
493,51.4502163772014,7.670957921171675,27,0.0,64.5,6.709785075055223,70.16073937133744,0.0,1.0,0.0,0.0,1.0,0.0,0.0,0.0,0.0,0.0,1.0
494,74.5672288838945,4.0,22,1.0,63.1,7.35349452845663,37.96532485837343,1.0,0.0,0.0,0.0,0.0,1.0,0.0,0.0,1.0,0.0,0.0
495,77.04404588773623,7.02070110592484,28,2.0,66.1,3.236886178901555,86.22654188075985,1.0,0.0,1.0,0.0,0.0,0.0,1.0,0.0,0.0,0.0,0.0
496,86.33083751110422,7.02070110592484,18,1.0,74.7,7.777330718217669,100.0,1.0,0.0,0.0,1.0,0.0,0.0,1.0,0.0,0.0,0.0,0.0
497,55.154547470771774,7.02070110592484,19,1.0,67.5,2.909407246887561,63.47850224702613,1.0,0.0,0.0,0.0,1.0,0.0,1.0,0.0,0.0,0.0,0.0
498,51.84794103800034,8.077692994380268,25,1.0,61.9,10.660565117806888,73.2161500798554,0.0,1.0,0.0,0.0,0.0,1.0,0.0,0.0,1.0,0.0,0.0
499,52.53334441043528,7.084728422200228,18,2.0,67.0,9.059835437305429,65.49572519876351,1.0,0.0,0.0,1.0,0.0,0.0,0.0,0.0,0.0,0.0,1.0
500,68.66211255989155,5.62225343805233,20,2.0,67.1,6.057723460062622,56.782542619293,1.0,0.0,0.0,0.0,0.0,1.0,0.0,0.0,0.0,0.0,1.0
501,95.26695526786806,4.0,19,2.0,89.4,8.477590372035165,88.16085969977911,1.0,0.0,0.0,0.0,0.0,1.0,1.0,0.0,0.0,0.0,0.0
502,68.17007357545603,7.02070110592484,22,0.0,62.7,6.924877483974642,75.27601387663583,1.0,0.0,0.0,1.0,0.0,0.0,0.0,0.0,0.0,0.0,1.0
503,65.78633725530933,7.366821273089695,21,0.0,59.1,10.914637820029608,32.60663539972712,0.0,1.0,0.0,0.0,1.0,0.0,0.0,1.0,0.0,0.0,0.0
504,76.83460470606819,4.0,24,1.0,75.3,12.20882921055081,69.642324648319,0.0,1.0,0.0,0.0,1.0,0.0,1.0,0.0,0.0,0.0,0.0
505,42.43037263912804,7.02070110592484,22,2.0,71.5,8.803099186641237,85.8176495688792,1.0,0.0,0.0,1.0,0.0,0.0,1.0,0.0,0.0,0.0,0.0
506,72.01966869777762,7.949975792866812,25,0.0,62.6,4.128067376431583,76.58240600316857,0.0,1.0,1.0,0.0,0.0,0.0,1.0,0.0,0.0,0.0,0.0
507,87.17343959822591,5.521584374699096,21,0.0,63.6,8.279231705264639,84.61678841333625,0.0,1.0,0.0,0.0,1.0,0.0,1.0,0.0,0.0,0.0,0.0
508,83.8926448645392,9.076942387431735,29,1.0,83.4,15.67642104592476,83.5045546174949,0.0,1.0,0.0,0.0,0.0,1.0,0.0,0.0,1.0,0.0,0.0
509,56.89727358077959,8.938697339645483,23,0.0,76.1,13.723472238550626,71.1371366637352,1.0,0.0,0.0,0.0,0.0,1.0,0.0,0.0,1.0,0.0,0.0
510,82.13752261539338,9.642922049261266,21,1.0,62.4,10.483762647751922,100.0,1.0,0.0,0.0,0.0,0.0,1.0,1.0,0.0,0.0,0.0,0.0
511,59.70475157757466,10.0,19,1.0,62.5,8.212521339733327,78.5565395797278,1.0,0.0,0.0,0.0,1.0,0.0,0.0,0.0,1.0,0.0,0.0
512,77.21259131000218,7.437050263808752,18,1.0,91.6,14.3859782319118,70.36717888604045,0.0,1.0,0.0,0.0,1.0,0.0,0.0,0.0,0.0,1.0,0.0
513,65.1163515132341,8.366309303553026,18,1.0,70.9,10.736578233849292,96.77445001480564,1.0,0.0,1.0,0.0,0.0,0.0,1.0,0.0,0.0,0.0,0.0
514,73.16604647373936,9.10679966076932,25,1.0,64.2,13.790021166595425,76.02920040193258,0.0,1.0,0.0,1.0,0.0,0.0,1.0,0.0,0.0,0.0,0.0
515,85.60134324701198,5.069947096686478,21,1.0,75.1,17.302655910066154,100.0,0.0,1.0,0.0,0.0,0.0,1.0,0.0,0.0,1.0,0.0,0.0
516,56.04945730414431,6.244753914412188,22,1.0,60.9,13.075122516025344,74.9247256999221,0.0,1.0,0.0,0.0,1.0,0.0,1.0,0.0,0.0,0.0,0.0
517,83.21332179380396,9.1799193612712,28,1.0,63.4,10.357857365888098,78.04781179014935,0.0,1.0,0.0,1.0,0.0,0.0,0.0,0.0,0.0,0.0,1.0
518,55.87450267391961,7.118680450237642,25,1.0,69.4,6.568250525858222,62.69950993589857,1.0,0.0,0.0,0.0,1.0,0.0,0.0,0.0,0.0,1.0,0.0
519,82.82930202470645,8.599455852722997,29,0.0,74.6,18.993312885083636,100.0,0.0,1.0,1.0,0.0,0.0,0.0,0.0,0.0,0.0,0.0,1.0
520,100.0,7.02070110592484,24,0.0,85.8,15.287425071914232,77.0359119818941,1.0,0.0,0.0,1.0,0.0,0.0,0.0,0.0,1.0,0.0,0.0
521,63.703885094947,8.553684432781731,25,0.0,78.4,18.079727289239223,49.38037204973443,0.0,1.0,0.0,0.0,1.0,0.0,0.0,0.0,1.0,0.0,0.0
522,62.66040048016242,8.454140061059263,25,0.0,56.5,8.091626731172187,67.63569426560349,1.0,0.0,0.0,0.0,0.0,1.0,0.0,0.0,0.0,1.0,0.0
523,60.26913368346891,7.675120217704934,23,1.0,59.2,10.232178623852636,74.02104564036793,0.0,1.0,0.0,0.0,1.0,0.0,0.0,0.0,0.0,0.0,1.0
524,49.61630572281162,7.02070110592484,27,2.0,74.2,11.068180594155816,72.35773952877244,1.0,0.0,0.0,0.0,0.0,1.0,1.0,0.0,0.0,0.0,0.0
525,85.34504884105353,5.230897373548777,19,1.0,81.5,11.627882828921967,89.43427552434834,1.0,0.0,0.0,0.0,0.0,1.0,1.0,0.0,0.0,0.0,0.0
526,67.8283059152296,6.131440842790971,23,1.0,63.8,12.560302925751756,76.4817454892277,0.0,1.0,0.0,0.0,1.0,0.0,0.0,0.0,0.0,0.0,1.0
527,69.71770537823046,6.068351607948852,18,1.0,72.0,3.1094312052282724,73.3168933821907,1.0,0.0,0.0,0.0,1.0,0.0,0.0,0.0,0.0,0.0,1.0
528,52.15716676381954,6.847306601357943,18,1.0,69.3,1.190259835795782,37.68295818572994,1.0,0.0,0.0,1.0,0.0,0.0,1.0,0.0,0.0,0.0,0.0
529,79.27088297385208,8.198153356376773,28,1.0,77.0,16.890568794771728,62.27226959260285,1.0,0.0,0.0,0.0,0.0,1.0,1.0,0.0,0.0,0.0,0.0
530,71.56477145537748,7.02070110592484,20,0.0,73.9,14.240373267740656,92.10573603294192,0.0,1.0,1.0,0.0,0.0,0.0,0.0,0.0,0.0,0.0,1.0
531,59.32028342132912,7.91345903156389,20,0.0,62.7,5.426606793640473,84.28014245122704,1.0,0.0,1.0,0.0,0.0,0.0,1.0,0.0,0.0,0.0,0.0
532,93.31404410026872,8.528167202549481,28,1.0,79.9,12.00317625236915,97.0488073403033,1.0,0.0,0.0,0.0,0.0,1.0,0.0,0.0,1.0,0.0,0.0
533,81.98153356376791,6.52748241498606,22,2.0,77.5,20.1655187590571,70.00557187570266,0.0,1.0,0.0,0.0,0.0,1.0,0.0,0.0,1.0,0.0,0.0
534,82.56007541277653,6.324879782295066,18,0.0,84.3,9.767821376147364,80.98459464914367,1.0,0.0,0.0,0.0,0.0,1.0,0.0,0.0,0.0,1.0,0.0
535,90.47886056827146,7.56038634304802,27,0.0,75.0,20.48260291213814,69.53821954694517,0.0,1.0,0.0,1.0,0.0,0.0,1.0,0.0,0.0,0.0,0.0
536,54.46315567218269,7.205765499017574,23,1.0,56.8,9.491022004526476,65.8314864283047,0.0,1.0,0.0,1.0,0.0,0.0,0.0,0.0,0.0,1.0,0.0
537,60.17604274466319,6.551155401314224,24,0.0,71.5,14.186691804258842,50.48114502194014,0.0,1.0,0.0,1.0,0.0,0.0,0.0,0.0,0.0,1.0,0.0
538,83.38057538489291,7.633724158678159,27,2.0,73.0,14.011128415224404,85.75960769632766,0.0,1.0,0.0,0.0,0.0,1.0,0.0,0.0,0.0,0.0,1.0
539,50.26063215822437,5.387190237717341,29,1.0,56.5,11.274509952797365,38.50888128392504,1.0,0.0,0.0,0.0,1.0,0.0,0.0,0.0,0.0,0.0,1.0
540,59.17429335673875,4.705662720786794,28,2.0,55.9,8.037539820475066,100.0,0.0,1.0,0.0,1.0,0.0,0.0,1.0,0.0,0.0,0.0,0.0
541,64.75775490947952,6.3497770508323175,20,1.0,62.7,8.345637141367899,63.359818273685,1.0,0.0,0.0,0.0,1.0,0.0,1.0,0.0,0.0,0.0,0.0
542,96.79233341891614,5.0525933525928215,21,1.0,76.8,11.800858619770793,81.2475208664567,0.0,1.0,0.0,0.0,1.0,0.0,1.0,0.0,0.0,0.0,0.0
543,100.0,7.02070110592484,27,1.0,89.2,15.871932623568416,100.0,0.0,1.0,0.0,0.0,1.0,0.0,1.0,0.0,0.0,0.0,0.0
544,34.521285299777176,7.228585884261201,28,1.0,57.1,10.194507196968738,47.30743483424352,1.0,0.0,0.0,0.0,1.0,0.0,0.0,0.0,1.0,0.0,0.0
545,78.90909308333866,5.304223855321818,27,1.0,71.1,6.176451631068065,90.02665406078549,1.0,0.0,0.0,0.0,1.0,0.0,1.0,0.0,0.0,0.0,0.0
546,70.96040083806797,4.060696024243702,29,0.0,70.4,7.693926977147054,63.65577220173767,1.0,0.0,0.0,1.0,0.0,0.0,0.0,0.0,0.0,0.0,1.0
547,62.7451304983185,7.440978671258426,27,1.0,65.1,15.072855615114424,94.79393670563763,0.0,1.0,0.0,0.0,0.0,1.0,0.0,1.0,0.0,0.0,0.0
548,54.90684225031989,6.175575563395444,27,1.0,75.8,5.07194791566365,68.59420648285837,1.0,0.0,0.0,0.0,1.0,0.0,0.0,0.0,0.0,0.0,1.0
549,69.07731045171252,7.028229462176956,27,2.0,60.5,13.57608897837508,59.83991533361831,1.0,0.0,0.0,0.0,0.0,1.0,0.0,0.0,0.0,1.0,0.0
550,52.23329771640931,4.263166096294377,20,1.0,54.7,4.9061093248350645,43.4006329391775,1.0,0.0,0.0,0.0,1.0,0.0,0.0,0.0,0.0,0.0,1.0
551,86.60589027881117,7.047054042488812,18,1.0,64.3,12.517486951959375,62.21076295025654,1.0,0.0,0.0,1.0,0.0,0.0,0.0,0.0,0.0,1.0,0.0
552,69.41647840909378,7.552322930079739,25,0.0,72.6,4.690579325614641,81.67048099095244,1.0,0.0,0.0,0.0,1.0,0.0,0.0,0.0,0.0,0.0,1.0
553,65.86458371926066,6.531435935015748,27,1.0,65.7,4.734468680061845,70.47021246785016,1.0,0.0,0.0,0.0,0.0,1.0,0.0,0.0,0.0,0.0,1.0
554,85.40870078186,8.208538111872851,27,1.0,72.2,6.985284530758796,68.27644251531618,1.0,0.0,1.0,0.0,0.0,0.0,0.0,0.0,0.0,0.0,1.0
555,74.68564064984253,7.444910105645163,19,2.0,63.0,12.167409830558944,74.72398612336417,1.0,0.0,0.0,0.0,0.0,1.0,0.0,0.0,1.0,0.0,0.0
556,68.05626529491795,7.931648392051148,18,2.0,63.1,5.502330697039066,42.68109084304309,0.0,1.0,0.0,0.0,1.0,0.0,0.0,0.0,0.0,1.0,0.0
557,77.29720540630971,8.646767175562749,25,0.0,68.2,12.632084337855622,57.60307323972516,1.0,0.0,0.0,0.0,1.0,0.0,1.0,0.0,0.0,0.0,0.0
558,71.48910623085953,7.625503549911663,24,2.0,68.5,6.342423515069933,59.09356712090645,1.0,0.0,0.0,0.0,0.0,1.0,0.0,0.0,0.0,1.0,0.0
559,83.43669728325384,6.968006072284247,24,0.0,70.8,16.731928222224344,53.22554998519437,0.0,1.0,0.0,0.0,1.0,0.0,1.0,0.0,0.0,0.0,0.0
560,81.22014182655913,4.0,21,1.0,80.3,8.764331830709382,65.71985754877296,1.0,0.0,0.0,0.0,0.0,1.0,1.0,0.0,0.0,0.0,0.0
561,79.5919277873076,7.02070110592484,28,1.0,72.6,18.809740164204214,84.22429209141161,0.0,1.0,0.0,1.0,0.0,0.0,0.0,0.0,1.0,0.0,0.0
562,78.77475814028388,7.328159602917377,26,0.0,63.8,9.478409514874174,100.0,1.0,0.0,0.0,1.0,0.0,0.0,0.0,0.0,0.0,0.0,1.0
563,53.66916248889578,5.965706644014426,23,1.0,80.7,3.5664903222882627,69.74628478632526,1.0,0.0,1.0,0.0,0.0,0.0,0.0,0.0,0.0,0.0,1.0
564,87.84283323618047,5.960927654606491,19,0.0,71.3,9.212652699326927,67.95697206042135,0.0,1.0,0.0,0.0,0.0,1.0,0.0,0.0,0.0,1.0,0.0
565,41.57111057820683,4.643070253634634,18,0.0,53.2,5.349819101381435,55.61146585254316,1.0,0.0,0.0,0.0,0.0,1.0,0.0,0.0,0.0,1.0,0.0
566,92.35502716495478,8.484545252922823,18,1.0,82.2,12.181199631052364,100.0,1.0,0.0,0.0,0.0,1.0,0.0,0.0,0.0,0.0,1.0,0.0
567,54.268785809103534,4.007543543758308,26,1.0,71.5,13.21271622177657,100.0,0.0,1.0,1.0,0.0,0.0,0.0,0.0,0.0,0.0,1.0,0.0
568,77.9395164146301,7.02070110592484,21,2.0,61.0,3.2680717777756563,95.20763983284212,1.0,0.0,0.0,1.0,0.0,0.0,0.0,0.0,0.0,0.0,1.0
569,85.79659395981446,8.503084716756058,22,1.0,71.4,13.197309262435866,71.23934174922172,0.0,1.0,0.0,1.0,0.0,0.0,0.0,0.0,1.0,0.0,0.0
570,76.87638517877147,6.2787408689997815,20,1.0,93.6,17.413800919792084,62.51710515590069,0.0,1.0,1.0,0.0,0.0,0.0,1.0,0.0,0.0,0.0,0.0
571,63.86792320944314,7.02070110592484,21,1.0,72.8,14.080749435113296,83.61454598591135,1.0,0.0,0.0,0.0,0.0,1.0,0.0,0.0,0.0,1.0,0.0
572,70.35758594773381,6.687242799411504,29,0.0,61.5,16.07686023649887,64.1823504311208,1.0,0.0,0.0,1.0,0.0,0.0,1.0,0.0,0.0,0.0,0.0
573,69.37881097929035,8.547263140326466,25,0.0,83.3,14.948484176409409,69.27730128490164,0.0,1.0,1.0,0.0,0.0,0.0,1.0,0.0,0.0,0.0,0.0
574,82.40046594757447,7.1111309116920784,21,1.0,80.3,15.13623359395334,45.04006802389324,0.0,1.0,0.0,0.0,1.0,0.0,1.0,0.0,0.0,0.0,0.0
575,75.8873805385748,7.02070110592484,26,1.0,72.3,13.976608219773388,77.2377928048317,0.0,1.0,1.0,0.0,0.0,0.0,0.0,0.0,0.0,0.0,1.0
576,83.1027264192204,10.0,26,1.0,81.8,13.740047275519707,93.91232533486638,1.0,0.0,0.0,1.0,0.0,0.0,0.0,0.0,0.0,0.0,1.0
577,80.63127784779293,7.421366274469066,23,1.0,78.8,9.00870765010051,100.0,0.0,1.0,0.0,0.0,0.0,1.0,0.0,0.0,0.0,1.0,0.0
578,65.43277111610544,9.736833903705625,19,1.0,67.2,7.735707603037678,92.99067721184376,1.0,0.0,0.0,0.0,0.0,1.0,0.0,0.0,1.0,0.0,0.0
579,30.0,7.97308663165311,29,0.0,30.0,1.0,64.24039230367234,1.0,0.0,0.0,0.0,1.0,0.0,0.0,0.0,0.0,0.0,1.0
580,63.66275841321841,7.750976811990479,27,0.0,87.4,8.62152790642022,66.33036067776423,0.0,1.0,0.0,0.0,0.0,1.0,0.0,0.0,1.0,0.0,0.0
581,66.94931550784975,7.536243598079985,28,2.0,60.1,10.408187784096858,50.04989040315984,1.0,0.0,0.0,1.0,0.0,0.0,1.0,0.0,0.0,0.0,0.0
582,70.24465174427986,7.02070110592484,24,1.0,85.5,15.89700875483741,71.3924663017805,0.0,1.0,0.0,0.0,1.0,0.0,1.0,0.0,0.0,0.0,0.0
583,50.43817894300204,6.329042078828333,26,2.0,65.3,4.05238892127318,67.20433137721672,1.0,0.0,1.0,0.0,0.0,0.0,0.0,0.0,0.0,0.0,1.0
584,79.68446123913972,7.02070110592484,23,0.0,69.7,13.657576484930065,76.7838499201446,1.0,0.0,0.0,0.0,0.0,1.0,0.0,0.0,0.0,1.0,0.0
585,53.11335698904977,7.02070110592484,20,2.0,75.4,13.059978968497973,83.2306891381462,0.0,1.0,0.0,0.0,0.0,1.0,0.0,0.0,1.0,0.0,0.0
586,50.87046288096771,7.480434513785623,24,0.0,60.9,11.24860703107434,57.1592328201428,1.0,0.0,1.0,0.0,0.0,0.0,1.0,0.0,0.0,0.0,0.0
587,67.86633256985053,7.02070110592484,22,0.0,49.5,1.0,50.797254717333786,1.0,0.0,0.0,0.0,0.0,1.0,1.0,0.0,0.0,0.0,0.0
588,61.3144084279097,7.043288628406588,18,2.0,59.9,4.927144384885577,74.82435812344812,1.0,0.0,0.0,1.0,0.0,0.0,0.0,0.0,0.0,0.0,1.0
589,79.87064477483433,7.02070110592484,20,0.0,85.0,16.433509677711736,35.1005805834441,0.0,1.0,0.0,0.0,0.0,1.0,1.0,0.0,0.0,0.0,0.0
590,39.794928913504826,5.420340604018554,22,1.0,62.2,5.936729604251514,72.20579402236275,1.0,0.0,0.0,1.0,0.0,0.0,0.0,0.0,0.0,0.0,1.0
591,35.11041312891017,5.238420212929475,24,0.0,60.8,4.441489612306779,53.85029971234308,1.0,0.0,0.0,0.0,1.0,0.0,0.0,0.0,0.0,0.0,1.0
592,90.96754793456664,8.321332179380395,20,1.0,82.2,13.908129726702382,73.0649494089923,1.0,0.0,0.0,1.0,0.0,0.0,0.0,0.0,1.0,0.0,0.0
593,91.69155389377262,6.660265935088762,23,2.0,71.3,9.541440402573617,59.57100648940724,1.0,0.0,0.0,1.0,0.0,0.0,0.0,0.0,0.0,1.0,0.0
594,73.32015552301249,8.102197154824601,22,1.0,77.7,21.62986229036328,82.74155366049042,0.0,1.0,0.0,0.0,1.0,0.0,1.0,0.0,0.0,0.0,0.0
595,64.7977434819393,5.490684225031989,18,1.0,76.5,13.290214924944776,58.88615850836197,0.0,1.0,0.0,0.0,1.0,0.0,0.0,0.0,0.0,0.0,1.0
596,63.24879782295066,4.989699301098871,27,0.0,74.6,6.1258357759096205,79.22139529831915,1.0,0.0,0.0,0.0,1.0,0.0,0.0,1.0,0.0,0.0,0.0
597,97.56962736087196,7.02070110592484,23,1.0,56.9,15.443612503701408,84.78613269311677,0.0,1.0,0.0,0.0,0.0,1.0,0.0,0.0,0.0,1.0,0.0
598,53.25446664563856,5.68972735807796,25,1.0,66.0,2.311543750639739,55.850927317459714,1.0,0.0,0.0,1.0,0.0,0.0,0.0,1.0,0.0,0.0,0.0
599,65.0369114241037,6.900188180082787,18,0.0,74.7,12.489045377429166,54.79236016715789,1.0,0.0,0.0,0.0,1.0,0.0,0.0,0.0,0.0,1.0,0.0
600,73.28159602917377,7.02070110592484,19,1.0,83.9,21.62986229036328,100.0,0.0,1.0,0.0,0.0,1.0,0.0,1.0,0.0,0.0,0.0,0.0
601,73.47461583546966,7.1602618883605205,21,0.0,88.6,19.25866878540664,66.4954453825051,0.0,1.0,0.0,1.0,0.0,0.0,0.0,0.0,1.0,0.0,0.0
602,84.3618045119052,5.645049066566707,29,2.0,67.4,10.33270606639071,45.934408516384,0.0,1.0,0.0,0.0,1.0,0.0,0.0,0.0,0.0,0.0,1.0
603,60.22263528630763,9.574622721448716,19,1.0,65.7,10.207063006903216,28.48055083854689,1.0,0.0,0.0,1.0,0.0,0.0,0.0,0.0,0.0,0.0,1.0
604,38.883330869116335,7.28971475021986,28,0.0,55.6,4.3946992793840085,59.29927900246216,1.0,0.0,0.0,0.0,1.0,0.0,0.0,0.0,0.0,0.0,1.0
605,80.10553683120006,6.617647014160792,26,1.0,77.0,10.05645679140565,83.06711086112313,0.0,1.0,0.0,0.0,1.0,0.0,1.0,0.0,0.0,0.0,0.0
606,100.0,8.754100996776538,27,1.0,99.2,16.609729204283504,100.0,1.0,0.0,1.0,0.0,0.0,0.0,0.0,0.0,0.0,1.0,0.0
607,73.82352985839209,7.236204190201922,25,1.0,61.3,5.595559402065351,68.48846868431212,1.0,0.0,0.0,0.0,1.0,0.0,0.0,0.0,0.0,1.0,0.0
608,62.49023188009521,6.5942717814591685,25,2.0,59.8,10.597338017142327,59.70580652427226,1.0,0.0,1.0,0.0,0.0,0.0,0.0,0.0,0.0,0.0,1.0
609,93.1889097717491,6.149182915130325,21,1.0,79.1,21.62986229036328,91.18336348719116,0.0,1.0,0.0,1.0,0.0,0.0,0.0,0.0,0.0,0.0,1.0
610,96.42922049261266,7.02070110592484,22,2.0,76.6,16.989182644855525,85.52833735142256,1.0,0.0,0.0,0.0,0.0,1.0,0.0,0.0,0.0,0.0,1.0
611,90.28934146329532,7.996430812496141,21,1.0,69.2,9.604398499207855,82.79566862278327,1.0,0.0,0.0,1.0,0.0,0.0,0.0,0.0,0.0,0.0,1.0
612,68.58652112140435,7.359070244007629,26,0.0,74.7,5.010401705130997,66.21997582992343,1.0,0.0,0.0,0.0,0.0,1.0,1.0,0.0,0.0,0.0,0.0
613,67.98033130222237,7.02070110592484,19,1.0,75.7,11.84107643359913,67.74299404972948,0.0,1.0,0.0,0.0,1.0,0.0,0.0,0.0,0.0,1.0,0.0
614,69.75534825572014,5.03497496791263,28,1.0,86.0,17.33930208499703,93.14160488552604,0.0,1.0,0.0,0.0,0.0,1.0,0.0,0.0,0.0,1.0,0.0
615,47.53005101791993,5.208057338985123,25,1.0,47.8,2.5100170059733102,61.90139032621759,1.0,0.0,0.0,0.0,0.0,1.0,0.0,0.0,1.0,0.0,0.0
616,65.94271781459169,6.9115015910407855,19,2.0,69.0,6.787283778223428,28.48055083854689,1.0,0.0,0.0,0.0,0.0,1.0,0.0,0.0,1.0,0.0,0.0
617,86.06116895603813,7.02070110592484,18,1.0,74.9,3.3600919793906403,82.57954643072807,1.0,0.0,0.0,0.0,1.0,0.0,1.0,0.0,0.0,0.0,0.0
618,85.73121419089647,6.495733188648713,27,2.0,89.9,16.826286856090327,91.39311394743602,0.0,1.0,0.0,1.0,0.0,0.0,0.0,0.0,0.0,0.0,1.0
619,59.894463168799945,4.971065853670466,20,1.0,65.4,5.57703678809583,66.9872949905234,1.0,0.0,0.0,0.0,0.0,1.0,1.0,0.0,0.0,0.0,0.0
620,68.73767003664302,5.616504672374715,26,1.0,78.9,11.081019402824476,100.0,0.0,1.0,0.0,1.0,0.0,0.0,1.0,0.0,0.0,0.0,0.0
621,56.5069920911172,8.573121419089647,29,1.0,78.4,3.870286255485035,83.12157647501384,1.0,0.0,0.0,0.0,1.0,0.0,0.0,0.0,1.0,0.0,0.0
622,96.0809657186378,7.846400199637788,20,1.0,92.0,13.35278720311429,78.09859050541554,0.0,1.0,0.0,1.0,0.0,0.0,0.0,0.0,0.0,0.0,1.0
623,59.79981132446799,7.293550267451806,26,2.0,60.2,14.787268170635071,65.99839709726754,0.0,1.0,0.0,0.0,1.0,0.0,0.0,0.0,0.0,0.0,1.0
624,78.81945777250283,7.02070110592484,24,1.0,81.8,9.516237352248078,87.78923704974346,1.0,0.0,0.0,0.0,0.0,1.0,0.0,0.0,0.0,0.0,1.0
625,59.0272705452098,9.05748583835898,27,0.0,66.6,2.6236531927657003,93.06601244577725,1.0,0.0,0.0,1.0,0.0,0.0,0.0,0.0,0.0,1.0,0.0
626,54.65495115894648,7.48836484867659,18,1.0,71.3,15.724479866075306,54.708577539542304,1.0,0.0,0.0,0.0,1.0,0.0,1.0,0.0,0.0,0.0,0.0
627,60.54619262669339,5.796661475432678,27,1.0,58.4,11.313428803418685,53.40620142884503,1.0,0.0,0.0,1.0,0.0,0.0,0.0,0.0,1.0,0.0,0.0
628,64.43647373066355,9.777600635621992,22,0.0,63.1,4.989717610813139,67.25844633950955,1.0,0.0,1.0,0.0,0.0,0.0,0.0,0.0,1.0,0.0,0.0
629,62.95595411226376,8.010553683120005,26,0.0,62.7,7.208038843734417,58.60688605256398,1.0,0.0,1.0,0.0,0.0,0.0,0.0,0.0,0.0,0.0,1.0
630,60.12935522516567,8.063127784779294,29,1.0,64.5,9.072601830173616,28.48055083854689,0.0,1.0,0.0,0.0,0.0,1.0,1.0,0.0,0.0,0.0,0.0
631,75.24224509052048,7.02070110592484,20,1.0,73.8,17.988492110457116,100.0,0.0,1.0,0.0,0.0,0.0,1.0,0.0,0.0,0.0,1.0,0.0
632,82.18981118724545,6.602074197759695,26,1.0,73.4,10.30756318276249,67.79656552091681,1.0,0.0,0.0,0.0,0.0,1.0,1.0,0.0,0.0,0.0,0.0
633,90.01099206946938,8.09727294547902,22,0.0,81.4,14.86724364546543,97.32737780581525,0.0,1.0,0.0,1.0,0.0,0.0,0.0,0.0,0.0,1.0,0.0
634,71.37567879227915,7.02070110592484,26,0.0,81.2,15.62888100365008,63.77345811924015,0.0,1.0,0.0,0.0,0.0,1.0,0.0,0.0,0.0,0.0,1.0
635,68.35952348257344,9.48121717980732,27,1.0,64.6,14.92805208433635,83.394819873404,0.0,1.0,0.0,0.0,1.0,0.0,0.0,0.0,0.0,0.0,1.0
636,60.72911702614792,6.206048358536989,23,1.0,56.0,6.615729259787976,42.30506064173371,1.0,0.0,0.0,0.0,1.0,0.0,0.0,1.0,0.0,0.0,0.0
637,48.41498027359074,7.850817084869675,26,0.0,63.6,7.295587607780198,83.66963932223577,1.0,0.0,0.0,0.0,0.0,1.0,0.0,0.0,1.0,0.0,0.0
638,80.48662131674837,5.551869539631874,24,1.0,70.0,4.152996677411538,100.0,1.0,0.0,0.0,0.0,0.0,1.0,0.0,0.0,0.0,1.0,0.0
639,96.25332425685076,7.133788744010846,24,1.0,91.1,20.98446926096361,61.01783824433545,0.0,1.0,1.0,0.0,0.0,0.0,0.0,0.0,1.0,0.0,0.0
640,54.005441472770016,6.223314588216449,25,0.0,74.3,9.59181221590314,79.37546137223168,1.0,0.0,0.0,0.0,0.0,1.0,0.0,0.0,0.0,1.0,0.0
641,69.79298959252313,8.020018867553201,24,0.0,80.4,12.954745287135248,100.0,0.0,1.0,0.0,1.0,0.0,0.0,0.0,0.0,1.0,0.0,0.0
642,41.79471331894264,7.637841596312118,29,0.0,73.4,5.369118378486937,100.0,1.0,0.0,0.0,1.0,0.0,0.0,0.0,1.0,0.0,0.0,0.0
643,55.093002285027794,8.863090858695251,26,2.0,54.7,2.7694820354091254,50.587193023053,1.0,0.0,0.0,1.0,0.0,0.0,1.0,0.0,0.0,0.0,0.0
644,78.02624222629484,5.9125401915830285,28,1.0,74.3,13.773321347365515,100.0,0.0,1.0,0.0,0.0,0.0,1.0,0.0,0.0,0.0,0.0,1.0
645,73.62944547149692,8.147064510679579,26,1.0,83.7,12.264292396962322,100.0,0.0,1.0,0.0,0.0,0.0,1.0,0.0,0.0,0.0,1.0,0.0
646,50.3497496791263,10.0,23,1.0,79.5,12.984676707024374,74.12151950919473,0.0,1.0,0.0,0.0,1.0,0.0,1.0,0.0,0.0,0.0,0.0
647,68.54871205674424,5.892866728893208,24,1.0,68.7,14.222425389503147,52.76595844922712,0.0,1.0,1.0,0.0,0.0,0.0,1.0,0.0,0.0,0.0,0.0
648,61.93029422775426,4.0,19,1.0,83.5,16.639908020609358,44.72822136945894,0.0,1.0,0.0,0.0,1.0,0.0,1.0,0.0,0.0,0.0,0.0
649,54.78143315465673,7.02070110592484,26,1.0,67.8,5.63242452692653,53.13455460024281,1.0,0.0,0.0,0.0,1.0,0.0,1.0,0.0,0.0,0.0,0.0
650,53.93883104396184,6.140326912889237,29,0.0,68.4,9.14907637943816,82.31062953945938,1.0,0.0,0.0,0.0,0.0,1.0,1.0,0.0,0.0,0.0,0.0
651,58.01846643623208,7.02070110592484,18,1.0,69.4,14.478899094417947,70.52168404069768,0.0,1.0,0.0,0.0,0.0,1.0,0.0,0.0,0.0,0.0,1.0
652,62.5328638677125,7.194373470508205,18,1.0,66.2,15.39844964278874,67.85008535893351,0.0,1.0,0.0,0.0,0.0,1.0,0.0,0.0,0.0,1.0,0.0
653,45.187828201926806,7.548297215459454,20,1.0,58.4,4.07776590546977,53.04310432583002,1.0,0.0,0.0,1.0,0.0,0.0,1.0,0.0,0.0,0.0,0.0
654,63.49777050832317,8.001128566683775,29,1.0,84.0,8.22588851143294,96.59379857115508,1.0,0.0,0.0,0.0,0.0,1.0,1.0,0.0,0.0,0.0,0.0
655,55.63819548809482,4.862484188815681,23,0.0,66.2,6.552355480048085,59.63849373658037,1.0,0.0,0.0,0.0,1.0,0.0,0.0,0.0,0.0,0.0,1.0
656,67.02612295030153,7.841990641056989,22,1.0,79.9,15.489223918542494,52.67262219418475,0.0,1.0,0.0,1.0,0.0,0.0,0.0,0.0,0.0,0.0,1.0
657,57.81018881275454,6.952945957511188,19,1.0,60.7,2.733602129096001,53.58510805861579,1.0,0.0,0.0,1.0,0.0,0.0,0.0,0.0,0.0,0.0,1.0
658,46.16843562140824,9.62533242568508,26,2.0,64.4,1.0,87.11910274021487,1.0,0.0,1.0,0.0,0.0,0.0,0.0,0.0,1.0,0.0,0.0
659,97.77600635621992,5.36009159501821,27,1.0,83.0,17.195006575469755,62.39492350225785,0.0,1.0,0.0,0.0,1.0,0.0,0.0,0.0,0.0,0.0,1.0
660,77.59521486041618,7.02070110592484,21,1.0,71.9,7.860120514737423,73.56857053644761,0.0,1.0,0.0,0.0,0.0,1.0,0.0,0.0,0.0,1.0,0.0
661,41.34100602761234,5.7546487636205175,21,1.0,63.0,8.673580659198983,74.87454230662853,1.0,0.0,0.0,0.0,1.0,0.0,0.0,1.0,0.0,0.0,0.0
662,95.42384015002445,6.1668067445845285,22,2.0,79.1,8.686571196581315,100.0,1.0,0.0,0.0,0.0,0.0,1.0,0.0,0.0,0.0,0.0,1.0
663,58.22445925184662,7.080958970578619,25,1.0,69.8,16.024677169435353,61.08184126242084,0.0,1.0,0.0,1.0,0.0,0.0,0.0,0.0,0.0,0.0,1.0
664,65.39333250713968,8.724612635565387,27,1.0,62.1,13.673990516082004,53.31609684881585,0.0,1.0,1.0,0.0,0.0,0.0,0.0,0.0,0.0,0.0,1.0
665,76.5435988931571,6.964241405226622,21,1.0,68.0,8.777262423034351,56.32180117477891,1.0,0.0,0.0,0.0,0.0,1.0,0.0,0.0,1.0,0.0,0.0
666,55.2768941343059,8.37774656194767,22,1.0,48.2,5.8665113508085085,99.62559685559413,1.0,0.0,0.0,0.0,1.0,0.0,0.0,0.0,0.0,1.0,0.0
667,82.45351236379483,9.423918186771768,29,2.0,79.7,18.5278521691975,95.2914224604577,0.0,1.0,0.0,1.0,0.0,0.0,1.0,0.0,0.0,0.0,0.0
668,46.934631251919214,7.308911810349704,21,0.0,73.5,9.225352373646114,55.69159386175832,1.0,0.0,0.0,0.0,0.0,1.0,0.0,0.0,0.0,0.0,1.0
669,45.03877393728486,6.3165395293931805,23,0.0,67.1,1.5253866166585102,86.46230782814351,1.0,0.0,0.0,0.0,0.0,1.0,0.0,0.0,0.0,0.0,1.0
670,74.29202403632377,7.02070110592484,29,2.0,71.1,10.031364423342868,87.66634390489082,1.0,0.0,0.0,0.0,0.0,1.0,1.0,0.0,0.0,0.0,0.0
671,64.35575884323065,7.496308857589629,20,1.0,75.8,13.479539684394792,43.22458082854431,1.0,0.0,0.0,1.0,0.0,0.0,0.0,1.0,0.0,0.0,0.0
672,92.46994898208008,7.02070110592484,25,1.0,89.1,12.777310851384891,56.63004584069773,0.0,1.0,0.0,0.0,0.0,1.0,0.0,0.0,0.0,0.0,1.0
673,43.0200613447491,6.926578423027594,23,1.0,68.7,2.660697915002979,59.503343103638485,1.0,0.0,0.0,0.0,1.0,0.0,0.0,0.0,1.0,0.0,0.0
674,49.328293615684814,8.299283878230247,27,0.0,74.1,6.818067398150714,100.0,1.0,0.0,0.0,0.0,0.0,1.0,1.0,0.0,0.0,0.0,0.0
675,74.84397988789914,7.9823957255336815,22,1.0,80.6,14.747736350556185,72.15511009313403,0.0,1.0,0.0,0.0,0.0,1.0,0.0,0.0,0.0,0.0,1.0
676,36.14882758856794,4.473304473213195,19,1.0,64.4,5.901721513140996,56.93398755422275,1.0,0.0,1.0,0.0,0.0,0.0,1.0,0.0,0.0,0.0,0.0
677,67.75221046442127,8.33805753848929,27,1.0,65.0,13.120723711024826,88.34838088911701,0.0,1.0,0.0,0.0,0.0,1.0,0.0,0.0,0.0,0.0,1.0
678,91.90796773019844,8.746665558956472,27,1.0,76.9,19.12277967901874,95.04112955674744,0.0,1.0,0.0,0.0,0.0,1.0,0.0,0.0,1.0,0.0,0.0
679,64.717729045316,6.266040048016242,24,2.0,88.7,15.973142203382924,100.0,0.0,1.0,0.0,0.0,1.0,0.0,0.0,0.0,0.0,0.0,1.0
680,67.14118873699807,5.979981132446799,19,0.0,75.5,8.738445740341717,70.62453862776832,1.0,0.0,0.0,0.0,1.0,0.0,0.0,0.0,1.0,0.0,0.0
681,100.0,6.744722913831447,18,2.0,85.7,21.62986229036328,100.0,0.0,1.0,0.0,0.0,0.0,1.0,0.0,0.0,0.0,0.0,1.0
682,85.53684432781732,7.02070110592484,24,0.0,65.3,6.259952724480291,100.0,1.0,0.0,0.0,0.0,0.0,1.0,0.0,0.0,0.0,1.0,0.0
683,84.6017309363963,5.862993650021373,22,1.0,72.6,7.679964387193241,70.82990399215338,1.0,0.0,1.0,0.0,0.0,0.0,0.0,1.0,0.0,0.0,0.0
684,69.98118146447312,7.141347887859565,18,2.0,72.0,8.944651175420212,88.28574416661522,1.0,0.0,0.0,0.0,0.0,1.0,0.0,0.0,0.0,1.0,0.0
685,56.675359827433184,5.882958328434812,21,1.0,65.6,6.35879822349631,87.60507649774215,1.0,0.0,0.0,0.0,0.0,1.0,0.0,0.0,1.0,0.0,0.0
686,71.94373470508205,4.78709595782971,29,1.0,60.0,12.362032703573131,76.2805344507573,1.0,0.0,0.0,1.0,0.0,0.0,0.0,0.0,0.0,1.0,0.0
687,73.01227089838619,6.219007758141228,21,1.0,57.8,7.665983681727052,37.09481410427577,1.0,0.0,0.0,0.0,1.0,0.0,1.0,0.0,0.0,0.0,0.0
688,53.04223855321818,7.6668007845347,27,1.0,55.8,12.762684351744872,84.72960720841292,0.0,1.0,0.0,0.0,0.0,1.0,0.0,0.0,1.0,0.0,0.0
689,85.21856684534328,7.763803065796301,24,0.0,88.7,14.204531753231567,71.95218820985065,0.0,1.0,0.0,0.0,1.0,0.0,0.0,1.0,0.0,0.0,0.0
690,74.05728218540831,9.038369427718838,26,2.0,74.1,4.77795602563702,75.62738723318415,0.0,1.0,0.0,0.0,1.0,0.0,0.0,0.0,0.0,0.0,1.0
691,44.8872133613403,4.893200339230679,19,1.0,61.4,1.472147830802497,41.917104269235736,1.0,0.0,0.0,1.0,0.0,0.0,1.0,0.0,0.0,0.0,0.0
692,42.82813826679387,4.0,29,1.0,61.3,6.771846253620089,57.67621495693005,1.0,0.0,0.0,0.0,1.0,0.0,0.0,0.0,0.0,0.0,1.0
693,88.79481438100287,7.968446123913971,18,1.0,72.8,13.321436041653802,90.49665689636151,0.0,1.0,0.0,0.0,1.0,0.0,0.0,0.0,0.0,1.0,0.0
694,79.91742811434607,7.073421576972406,19,0.0,64.3,7.119625561756532,71.03483060040203,1.0,0.0,0.0,0.0,0.0,1.0,0.0,0.0,0.0,0.0,1.0
695,76.05033314584236,6.547217817744629,24,0.0,72.5,21.62986229036328,58.395316848273566,0.0,1.0,0.0,1.0,0.0,0.0,1.0,0.0,0.0,0.0,0.0
696,69.11501591040786,10.0,27,1.0,68.5,7.887586137739479,77.69289159703683,1.0,0.0,0.0,1.0,0.0,0.0,1.0,0.0,0.0,0.0,0.0
697,84.12549732608039,4.913196916956386,23,1.0,79.4,7.510954622570834,80.67043850993258,1.0,0.0,0.0,0.0,0.0,1.0,1.0,0.0,0.0,0.0,0.0
698,80.01128566683775,7.213366743014948,21,1.0,66.7,10.294994696530711,85.24121170300702,1.0,0.0,0.0,0.0,0.0,1.0,0.0,0.0,1.0,0.0,0.0
699,49.52113943172903,5.282656040177408,18,2.0,70.6,2.143567512115448,50.90129132225859,1.0,0.0,1.0,0.0,0.0,0.0,0.0,0.0,0.0,0.0,1.0
700,54.07173797684392,7.382352985839208,18,0.0,72.0,4.001169973657603,63.59678187246168,1.0,0.0,0.0,1.0,0.0,0.0,1.0,0.0,0.0,0.0,0.0
701,80.34293355985574,7.009409327002861,22,1.0,87.4,15.178948109272438,89.63030593972026,0.0,1.0,0.0,0.0,1.0,0.0,0.0,0.0,0.0,0.0,1.0
702,74.33124851735546,7.255277086168554,18,0.0,62.6,1.0,84.5042748012365,1.0,0.0,0.0,0.0,0.0,1.0,0.0,0.0,0.0,1.0,0.0
703,47.05662720786795,7.8026242226294835,29,1.0,81.9,4.948090041789472,81.1948506307706,1.0,0.0,1.0,0.0,0.0,0.0,0.0,0.0,1.0,0.0,0.0
704,43.391172077244434,7.02070110592484,24,0.0,67.9,9.465793705464932,66.605180126596,0.0,1.0,1.0,0.0,0.0,0.0,0.0,0.0,0.0,1.0,0.0
705,100.0,7.062118902070965,28,2.0,76.9,5.464598778618486,100.0,1.0,0.0,0.0,0.0,0.0,1.0,0.0,0.0,0.0,0.0,1.0
706,71.26232996335698,4.0,18,0.0,61.4,7.609876553606947,49.71867260928367,1.0,0.0,0.0,1.0,0.0,0.0,0.0,0.0,0.0,0.0,1.0
707,51.530802358304406,5.743992458722348,18,2.0,65.0,5.330450293694726,41.718365249713145,1.0,0.0,0.0,0.0,0.0,1.0,0.0,0.0,0.0,0.0,1.0
708,82.08538111872852,4.562088403105434,19,1.0,72.7,8.88042101017442,77.64226047122756,0.0,1.0,0.0,1.0,0.0,0.0,0.0,0.0,0.0,0.0,1.0
709,79.22536754807606,5.557855985465146,28,2.0,64.7,4.66848049092334,88.22323748579475,1.0,0.0,1.0,0.0,0.0,0.0,0.0,0.0,0.0,0.0,1.0
710,46.55917769166496,9.294337279213206,29,1.0,73.6,11.300447125862732,99.95010959684016,1.0,0.0,0.0,0.0,1.0,0.0,0.0,0.0,1.0,0.0,0.0
711,70.09409327002861,6.082006309450608,27,2.0,76.6,7.901295031648997,72.71170214739998,1.0,0.0,1.0,0.0,0.0,0.0,0.0,0.0,0.0,0.0,1.0
712,54.398656752988025,8.660589027881118,20,0.0,74.9,15.998830026342404,46.49978918420907,0.0,1.0,0.0,0.0,1.0,0.0,1.0,0.0,0.0,0.0,0.0
713,70.16937037421695,6.287179389907263,28,1.0,67.4,10.14429542802196,92.69185284761669,1.0,0.0,0.0,0.0,1.0,0.0,0.0,0.0,0.0,1.0,0.0
714,71.1490531712597,5.268077964756013,18,2.0,63.4,9.453174494191144,78.65855128011843,0.0,1.0,0.0,1.0,0.0,0.0,0.0,0.0,1.0,0.0,0.0
715,71.41347887859565,8.30476950702061,26,0.0,69.4,5.988871584775596,58.95548633910238,1.0,0.0,0.0,0.0,1.0,0.0,0.0,0.0,0.0,0.0,1.0
716,61.09090691666134,4.0,27,0.0,63.9,1.0,73.1153614952058,1.0,0.0,0.0,0.0,1.0,0.0,0.0,0.0,0.0,0.0,1.0
717,70.8095897057862,8.784283323618046,25,1.0,93.8,17.52873502856171,80.5660337513159,0.0,1.0,0.0,1.0,0.0,0.0,1.0,0.0,0.0,0.0,0.0
718,77.17037033917916,5.192596849169394,22,2.0,52.8,1.9662246551537856,93.52352648605223,1.0,0.0,0.0,1.0,0.0,0.0,0.0,1.0,0.0,0.0,0.0
719,52.00350992097281,7.572511980648344,28,1.0,60.9,3.043989723187952,82.14991464106647,1.0,0.0,0.0,1.0,0.0,0.0,1.0,0.0,0.0,0.0,0.0
720,81.72438918010715,7.605033314584235,19,1.0,71.1,10.445962480036153,100.0,1.0,0.0,0.0,1.0,0.0,0.0,0.0,0.0,0.0,0.0,1.0
721,91.479563365529,8.058294972756087,22,0.0,86.7,7.453989780678996,97.6103485957091,1.0,0.0,0.0,0.0,1.0,0.0,0.0,0.0,0.0,1.0,0.0
722,67.29434972633537,6.740903475781439,23,0.0,71.3,12.32003561280676,72.91363805949669,0.0,1.0,0.0,0.0,0.0,1.0,0.0,0.0,1.0,0.0,0.0
723,49.71065853670466,7.02070110592484,18,2.0,57.5,10.647911568360684,70.77860470168085,1.0,0.0,0.0,0.0,1.0,0.0,1.0,0.0,0.0,0.0,0.0
724,88.2305807094966,7.02070110592484,28,0.0,83.0,21.62986229036328,59.02462191497611,0.0,1.0,0.0,0.0,1.0,0.0,0.0,0.0,0.0,0.0,1.0
725,94.52120451869972,8.354950933433294,21,1.0,75.4,7.873861345626262,92.32378504306996,0.0,1.0,0.0,0.0,1.0,0.0,0.0,0.0,0.0,0.0,1.0
726,55.21584374699096,7.654359889315709,26,2.0,56.9,9.579223345547677,69.48611162568088,1.0,0.0,0.0,0.0,1.0,0.0,0.0,0.0,1.0,0.0,0.0
727,69.1904102942138,7.209565448322794,19,0.0,63.4,8.59544575176978,78.30190862838526,1.0,0.0,0.0,1.0,0.0,0.0,1.0,0.0,0.0,0.0,0.0
728,73.86242262599724,7.658501812755741,22,1.0,88.2,12.03039411875346,63.41921123721294,0.0,1.0,0.0,0.0,0.0,1.0,0.0,1.0,0.0,0.0,0.0
729,75.1223898378834,6.881319549762358,18,0.0,83.2,14.4601917949643,92.47030189229388,0.0,1.0,0.0,0.0,1.0,0.0,0.0,0.0,0.0,0.0,1.0
730,75.00286074321433,5.970475157757469,21,1.0,69.4,6.894505359829508,72.256460013099,1.0,0.0,0.0,1.0,0.0,0.0,0.0,0.0,0.0,0.0,1.0
731,67.21780549052085,7.374582109322301,21,0.0,65.7,16.550083440291235,40.671697047350456,0.0,1.0,0.0,1.0,0.0,0.0,0.0,0.0,1.0,0.0,0.0
732,72.89714750219859,7.963814866532972,23,1.0,74.6,12.91004543157875,89.69596206432801,0.0,1.0,0.0,0.0,1.0,0.0,0.0,0.0,0.0,0.0,1.0
733,87.76670228359069,6.184316298046167,27,1.0,81.7,14.516503111444312,96.4148919413842,0.0,1.0,0.0,0.0,1.0,0.0,1.0,0.0,0.0,0.0,0.0
734,50.08027593817192,5.749328501312334,26,1.0,67.5,10.119195315911258,47.17595889275181,1.0,0.0,0.0,0.0,0.0,1.0,1.0,0.0,0.0,0.0,0.0
735,57.49328501312334,6.786633256985052,20,1.0,72.7,11.962460179524934,76.23025273104996,0.0,1.0,0.0,0.0,1.0,0.0,1.0,0.0,0.0,0.0,0.0
736,71.67834460362378,7.02070110592484,26,0.0,85.6,16.794564759062794,97.801538505908,0.0,1.0,0.0,0.0,1.0,0.0,0.0,0.0,0.0,1.0,0.0
737,70.5458578403981,4.0,23,1.0,79.1,16.520607018999318,86.87879077778489,0.0,1.0,0.0,0.0,0.0,1.0,0.0,0.0,0.0,1.0,0.0
738,57.007161217697536,7.02070110592484,24,1.0,60.4,9.66729393360929,91.46343221877176,1.0,0.0,0.0,1.0,0.0,0.0,1.0,0.0,0.0,0.0,0.0
739,63.78599704698617,7.759521486041619,29,1.0,69.5,11.469928904194754,89.23962210489451,1.0,0.0,0.0,0.0,1.0,0.0,0.0,0.0,0.0,0.0,1.0
740,66.91088189650296,4.883060095398219,27,0.0,52.0,7.015323292975627,40.88859132320999,1.0,0.0,0.0,0.0,0.0,1.0,1.0,0.0,0.0,0.0,0.0
741,62.997951045181175,7.148910623085953,19,1.0,83.7,6.802690737564135,97.42120288246394,1.0,0.0,0.0,1.0,0.0,0.0,1.0,0.0,0.0,0.0,0.0
742,100.0,9.306536874808076,28,0.0,84.7,12.250400725683114,90.56449812109712,0.0,1.0,0.0,0.0,0.0,1.0,1.0,0.0,0.0,0.0,0.0
743,79.13459031563889,4.0,27,1.0,68.0,8.46444416904656,100.0,1.0,0.0,0.0,0.0,1.0,0.0,0.0,0.0,1.0,0.0,0.0
744,76.00952875710745,4.809203226980153,23,0.0,65.0,6.209978833404576,28.48055083854689,0.0,1.0,0.0,1.0,0.0,0.0,0.0,0.0,0.0,0.0,1.0
745,71.98169535342066,5.868003595790345,23,1.0,66.4,1.0,76.38112249614407,1.0,0.0,0.0,0.0,0.0,1.0,1.0,0.0,0.0,0.0,0.0
746,57.966614754326784,8.466229839913101,19,0.0,76.0,11.45683421269584,35.461135485493344,1.0,0.0,0.0,1.0,0.0,0.0,0.0,0.0,0.0,0.0,1.0
747,71.86785049124602,7.708609811071939,19,2.0,62.2,7.382314933288417,71.34144871988157,1.0,0.0,0.0,0.0,1.0,0.0,0.0,0.0,1.0,0.0,0.0
748,75.68465982304605,7.02070110592484,19,2.0,76.8,11.183994449409514,85.93400784791956,1.0,0.0,0.0,1.0,0.0,0.0,0.0,0.0,0.0,0.0,1.0
749,52.30897373548777,10.0,27,0.0,74.0,8.438119783385826,90.36150626341964,1.0,0.0,1.0,0.0,0.0,0.0,0.0,0.0,1.0,0.0,0.0
750,81.26999054558912,6.345640110684291,29,1.0,81.8,8.292536720705533,97.99483514087186,1.0,0.0,0.0,0.0,1.0,0.0,0.0,0.0,0.0,0.0,1.0
751,91.799193612712,6.851089376914047,18,0.0,82.7,14.367575473073469,100.0,0.0,1.0,0.0,1.0,0.0,0.0,1.0,0.0,0.0,0.0,0.0
752,58.42825486705543,7.05458578403981,22,1.0,56.6,12.071334317671276,61.14570206141988,1.0,0.0,0.0,0.0,1.0,0.0,0.0,0.0,1.0,0.0,0.0
753,62.44753914412188,7.936217113307448,25,1.0,70.5,7.00031744536675,100.0,0.0,1.0,0.0,0.0,1.0,0.0,0.0,0.0,0.0,0.0,1.0
754,61.66806744584529,7.512238983788339,19,1.0,59.8,2.5483242783484155,48.195990681318285,1.0,0.0,0.0,0.0,1.0,0.0,0.0,0.0,1.0,0.0,0.0
755,81.92982465932016,9.820528668105736,22,1.0,67.8,5.2127318293649285,46.909337856409024,1.0,0.0,0.0,1.0,0.0,0.0,1.0,0.0,0.0,0.0,0.0
756,82.99283878230246,7.780992241858772,29,0.0,82.6,11.158205278489888,56.00905459777527,0.0,1.0,0.0,0.0,1.0,0.0,1.0,0.0,0.0,0.0,0.0
757,77.00204895481882,7.02070110592484,25,1.0,61.5,16.49135549135726,67.15015928190027,0.0,1.0,0.0,0.0,1.0,0.0,0.0,0.0,0.0,0.0,1.0
758,65.62949736191244,7.02070110592484,27,0.0,62.5,6.504459561083863,72.30710840296317,1.0,0.0,0.0,0.0,1.0,0.0,1.0,0.0,0.0,0.0,0.0
759,81.77554074815338,7.251459302519646,22,1.0,70.5,7.251918544651482,76.63275113638743,1.0,0.0,0.0,1.0,0.0,0.0,1.0,0.0,0.0,0.0,0.0
760,79.77736471369238,10.0,19,1.0,78.8,14.650180898618563,73.97079959806742,0.0,1.0,0.0,0.0,1.0,0.0,1.0,0.0,0.0,0.0,0.0
761,58.27561081989285,7.02070110592484,20,1.0,73.1,14.04584087179779,41.31072630950926,0.0,1.0,0.0,0.0,0.0,1.0,0.0,0.0,1.0,0.0,0.0
762,78.4199064105699,6.994354427494158,23,0.0,79.8,13.527649909186955,68.96290423659505,0.0,1.0,0.0,1.0,0.0,0.0,1.0,0.0,0.0,0.0,0.0
763,92.01790625499112,8.245351236379483,28,1.0,87.6,13.806763372321525,90.42899351059276,0.0,1.0,0.0,0.0,0.0,1.0,0.0,0.0,0.0,0.0,1.0
764,71.90578650131688,6.656403315646023,28,1.0,71.4,11.029706034499013,77.28829785260002,0.0,1.0,0.0,0.0,1.0,0.0,0.0,0.0,0.0,0.0,1.0
765,44.57615984997553,8.034293355985575,22,0.0,65.4,6.599937108155996,78.40369448224739,1.0,0.0,0.0,0.0,0.0,1.0,0.0,0.0,0.0,0.0,1.0
766,84.48130460368127,7.02070110592484,28,1.0,79.3,4.299615373523,87.72773040739715,0.0,1.0,0.0,0.0,0.0,1.0,0.0,0.0,0.0,0.0,1.0
767,84.9069977149722,7.02070110592484,21,2.0,67.9,9.415295625786316,76.83423838970553,1.0,0.0,1.0,0.0,0.0,0.0,0.0,0.0,1.0,0.0,0.0
768,93.96547633137136,7.886423586140575,21,2.0,77.3,10.673222899259208,95.54493437581336,0.0,1.0,0.0,0.0,0.0,1.0,0.0,0.0,1.0,0.0,0.0
769,60.63782886692552,5.4071737976843925,22,1.0,68.6,5.5211009055820535,53.76231730245856,1.0,0.0,0.0,0.0,1.0,0.0,0.0,0.0,0.0,0.0,1.0
770,87.39272793291464,6.1045969878926885,19,1.0,82.4,7.539315885958095,95.1242103329068,1.0,0.0,0.0,0.0,0.0,1.0,0.0,0.0,0.0,1.0,0.0
771,77.42456437699654,7.02070110592484,26,0.0,71.7,6.8334140237772925,86.69967752037849,0.0,1.0,0.0,0.0,0.0,1.0,1.0,0.0,0.0,0.0,0.0
772,75.84675146708746,8.293815571622558,19,2.0,75.9,10.16939917701746,80.09803981118945,1.0,0.0,0.0,0.0,1.0,0.0,0.0,0.0,0.0,1.0,0.0
773,80.53473121456888,6.261794765787428,27,0.0,74.3,12.222669281782332,100.0,1.0,0.0,0.0,0.0,1.0,0.0,0.0,0.0,1.0,0.0,0.0
774,98.65899397238766,7.524224509052048,19,2.0,79.4,13.495540438916136,64.06599215208044,0.0,1.0,0.0,0.0,0.0,1.0,0.0,0.0,1.0,0.0,0.0
775,72.32394287906166,5.297073686222572,27,1.0,65.7,2.697344089933845,56.16600356522615,1.0,0.0,0.0,0.0,1.0,0.0,0.0,0.0,0.0,0.0,1.0
776,74.5278218225537,7.1073572097664295,26,1.0,72.9,10.68588499672525,36.78800803681646,1.0,0.0,0.0,1.0,0.0,0.0,0.0,0.0,0.0,0.0,1.0
777,61.49182915130325,9.914054518719048,20,2.0,55.7,8.358882909922986,73.61887750385594,1.0,0.0,0.0,1.0,0.0,0.0,0.0,0.0,0.0,0.0,1.0
778,80.20018867553202,6.1711946944765375,27,0.0,77.9,5.192853284883822,44.88505988575318,1.0,0.0,1.0,0.0,0.0,0.0,0.0,0.0,1.0,0.0,0.0
779,57.17069797529355,7.02070110592484,24,1.0,51.9,7.425383416206547,73.01452502552063,1.0,0.0,0.0,1.0,0.0,0.0,0.0,0.0,0.0,0.0,1.0
780,89.73936784177563,6.767605712093834,21,1.0,67.8,10.433368192758918,100.0,0.0,1.0,0.0,0.0,0.0,1.0,0.0,0.0,1.0,0.0,0.0
781,67.56171406071063,5.727888019677803,23,0.0,75.8,14.404440597934652,54.19820900398403,0.0,1.0,0.0,0.0,0.0,1.0,0.0,0.0,0.0,0.0,1.0
782,92.8228758608882,6.824588687735894,21,1.0,85.1,9.503631256380157,100.0,1.0,0.0,0.0,1.0,0.0,0.0,0.0,0.0,1.0,0.0,0.0
783,62.404785139583815,6.919041029421381,27,1.0,83.9,10.88913489493195,89.11059963674782,0.0,1.0,1.0,0.0,0.0,0.0,0.0,0.0,0.0,0.0,1.0
784,64.19383475463216,6.135887668526959,24,1.0,46.5,1.0,41.51628448178707,1.0,0.0,0.0,0.0,0.0,1.0,0.0,0.0,0.0,0.0,1.0
785,86.81590216184796,5.706184428377442,18,0.0,70.1,9.339434882193109,77.79420597763725,1.0,0.0,0.0,0.0,0.0,1.0,0.0,0.0,0.0,0.0,1.0
786,57.70516453942299,4.30200613447491,20,2.0,51.3,8.41175203244453,80.40970958054442,1.0,0.0,0.0,0.0,1.0,0.0,1.0,0.0,0.0,0.0,0.0
787,68.51089376914047,5.563819548809478,20,0.0,71.4,9.705005303469289,43.91460786630839,1.0,0.0,0.0,0.0,1.0,0.0,0.0,0.0,0.0,0.0,1.0
788,89.56182105699796,5.446315567218269,18,0.0,71.8,5.614021768088199,47.69485257563871,1.0,0.0,0.0,0.0,0.0,1.0,0.0,0.0,1.0,0.0,0.0
789,61.135764138594254,5.837750732772886,23,0.0,79.1,3.1417138721367337,67.0959295345136,1.0,0.0,0.0,0.0,1.0,0.0,0.0,0.0,0.0,0.0,1.0
790,58.07017534067984,7.02070110592484,28,0.0,69.7,3.2054352409372067,100.0,1.0,0.0,0.0,0.0,1.0,0.0,0.0,0.0,0.0,0.0,1.0
791,66.44801665177145,7.02070110592484,26,0.0,83.9,14.708499108693465,82.41803502578195,0.0,1.0,0.0,1.0,0.0,0.0,0.0,0.0,1.0,0.0,0.0
792,72.13366743014947,4.576081813228232,25,2.0,81.0,14.330946260767488,80.46178045305483,0.0,1.0,0.0,1.0,0.0,0.0,0.0,0.0,0.0,0.0,1.0
793,47.41379491431488,6.839738111639477,28,1.0,64.9,18.03377534484621,51.004679894630414,1.0,0.0,0.0,0.0,1.0,0.0,0.0,0.0,0.0,1.0,0.0
794,73.35873696947674,8.619534892836622,24,0.0,64.3,10.927398169826382,88.91815873757918,0.0,1.0,0.0,0.0,0.0,1.0,0.0,0.0,0.0,1.0,0.0
795,62.23314588216449,5.807017534067984,27,0.0,74.6,6.07481975061554,96.68390315118415,1.0,0.0,1.0,0.0,0.0,0.0,0.0,0.0,0.0,0.0,1.0
796,70.20701040747687,7.02070110592484,25,1.0,52.7,1.0,100.0,1.0,0.0,0.0,0.0,1.0,0.0,0.0,0.0,0.0,0.0,1.0
797,74.21366274469067,7.031993927715753,23,2.0,94.6,21.12911601221393,94.54973119884134,0.0,1.0,0.0,0.0,1.0,0.0,0.0,0.0,0.0,0.0,1.0
798,76.41963845578773,8.887761533570156,26,0.0,84.6,17.230517964590874,63.24072296999623,0.0,1.0,0.0,0.0,1.0,0.0,0.0,0.0,1.0,0.0,0.0
799,51.20518561899711,9.965414838588,20,0.0,80.0,12.418289833893832,82.25700595027052,0.0,1.0,0.0,0.0,0.0,1.0,1.0,0.0,0.0,0.0,0.0
800,72.82049368808372,7.285881126300193,27,0.0,76.2,11.694170343339636,85.12695314722157,1.0,0.0,0.0,1.0,0.0,0.0,1.0,0.0,0.0,0.0,0.0
801,65.74717111755056,10.0,27,0.0,67.9,7.104802809303235,63.83215537493767,1.0,0.0,0.0,0.0,1.0,0.0,0.0,0.0,1.0,0.0,0.0
802,65.51155401314224,7.02070110592484,26,0.0,73.5,10.863655080728536,63.12120922221512,0.0,1.0,0.0,0.0,0.0,1.0,0.0,0.0,0.0,0.0,1.0
803,81.67337359082285,7.596876879050892,21,1.0,74.4,9.377383169584665,91.04451366089762,1.0,0.0,0.0,0.0,1.0,0.0,0.0,0.0,1.0,0.0,0.0
804,31.367750139870974,8.823058070949664,24,0.0,55.4,3.9493136793334473,28.48055083854689,1.0,0.0,0.0,0.0,1.0,0.0,0.0,0.0,1.0,0.0,0.0
805,58.73000945441088,8.282930202470645,26,1.0,75.7,14.968999238324066,83.89067712712932,0.0,1.0,0.0,0.0,1.0,0.0,1.0,0.0,0.0,0.0,0.0
806,83.66309303553025,9.127177825933732,19,0.0,59.6,1.1303906924148102,37.39295109192352,1.0,0.0,0.0,0.0,0.0,1.0,0.0,0.0,0.0,1.0,0.0
807,58.680035957903456,6.022263528630763,19,2.0,56.4,5.795468246768432,58.25323278296463,1.0,0.0,0.0,0.0,0.0,1.0,0.0,0.0,1.0,0.0,0.0
808,66.60265935088762,6.257543562300345,26,2.0,77.1,14.611651092084283,47.437724820913104,0.0,1.0,0.0,0.0,0.0,1.0,0.0,0.0,0.0,0.0,1.0
809,79.31648392051147,5.400544147277002,29,1.0,77.2,7.651984704087921,100.0,1.0,0.0,0.0,0.0,0.0,1.0,1.0,0.0,0.0,0.0,0.0
810,75.48297215459453,6.771414115738799,20,1.0,77.9,10.69855149440931,89.76177694809056,1.0,0.0,0.0,0.0,1.0,0.0,1.0,0.0,0.0,0.0,0.0
811,60.4080722126924,4.729616602709421,26,1.0,83.5,10.812761979763124,79.17009600784662,0.0,1.0,0.0,0.0,1.0,0.0,0.0,0.0,0.0,0.0,1.0
812,55.578559854651466,6.523525609733359,22,1.0,66.0,7.804993957480862,52.00516485912815,1.0,0.0,0.0,0.0,1.0,0.0,0.0,0.0,0.0,1.0,0.0
813,91.58501972641614,6.756171406071063,23,1.0,82.8,11.935388415122612,81.35299187022187,1.0,0.0,0.0,1.0,0.0,0.0,0.0,0.0,0.0,0.0,1.0
814,62.61794765787428,8.277512785141228,19,1.0,69.9,8.89328149232917,45.78937635973538,0.0,1.0,0.0,0.0,0.0,1.0,0.0,0.0,1.0,0.0,0.0
815,70.47054042488811,8.029524842242534,25,2.0,62.2,11.734085506020229,40.45068867040766,1.0,0.0,0.0,0.0,1.0,0.0,1.0,0.0,0.0,0.0,0.0
816,84.06696652045466,7.21716940847704,28,2.0,76.4,2.943533651327396,90.2270534892861,1.0,0.0,1.0,0.0,0.0,0.0,0.0,0.0,0.0,0.0,1.0
817,62.14694479986525,5.873000945441088,26,1.0,81.6,12.660948654596522,80.25371521367474,0.0,1.0,0.0,0.0,0.0,1.0,0.0,0.0,0.0,1.0,0.0
818,84.42144014534854,5.471832797450519,19,1.0,77.1,18.173734839566578,82.63349307531125,0.0,1.0,0.0,0.0,1.0,0.0,0.0,0.0,0.0,1.0,0.0
819,83.54950933433292,6.578633725530934,23,0.0,84.2,15.051909958210528,73.87028770399694,0.0,1.0,0.0,0.0,1.0,0.0,1.0,0.0,0.0,0.0,0.0
820,78.86423586140575,8.2294835460577,23,0.0,78.0,13.993844521255973,100.0,0.0,1.0,0.0,0.0,0.0,1.0,0.0,0.0,0.0,0.0,1.0
821,70.50819753105237,7.02070110592484,25,1.0,75.3,6.42391102162492,93.99094540222472,1.0,0.0,0.0,0.0,1.0,0.0,0.0,0.0,0.0,0.0,1.0
822,75.36243598079986,7.156477145537748,27,0.0,44.9,2.432055342364736,84.84273645616761,1.0,0.0,0.0,1.0,0.0,0.0,0.0,0.0,0.0,0.0,1.0
823,75.52322930079738,8.005836160934287,29,2.0,66.9,11.989589596836309,46.774134605309584,0.0,1.0,0.0,0.0,1.0,0.0,0.0,0.0,0.0,0.0,1.0
824,76.25503549911663,7.02070110592484,22,0.0,83.0,11.509273940851235,98.9953201053696,0.0,1.0,0.0,1.0,0.0,0.0,1.0,0.0,0.0,0.0,0.0
825,93.69952529561688,8.05347312145689,26,1.0,73.4,12.085011833038877,100.0,0.0,1.0,0.0,1.0,0.0,0.0,0.0,0.0,0.0,1.0,0.0
826,61.22524185971612,6.625417890677698,18,1.0,74.8,11.145322281179922,100.0,1.0,0.0,0.0,0.0,1.0,0.0,1.0,0.0,0.0,0.0,0.0
827,66.29299549212814,7.035758594773377,26,1.0,64.7,12.460684114041904,88.79057807980766,1.0,0.0,0.0,1.0,0.0,0.0,0.0,0.0,0.0,1.0,0.0
828,59.752332896422935,4.39190342813622,27,1.0,84.0,5.884141945307056,68.54136014946782,0.0,1.0,1.0,0.0,0.0,0.0,0.0,0.0,1.0,0.0,0.0
829,100.0,7.351328790871929,24,2.0,95.2,20.06835702883172,99.51885497805986,0.0,1.0,1.0,0.0,0.0,0.0,1.0,0.0,0.0,0.0,0.0
830,81.37006349978627,7.02070110592484,21,1.0,69.9,11.561880216614174,71.08599643397592,0.0,1.0,0.0,0.0,1.0,0.0,0.0,0.0,0.0,1.0,0.0
831,79.36217113307448,6.423437851338438,20,1.0,70.3,11.235668169290616,64.81595912271598,0.0,1.0,0.0,0.0,1.0,0.0,1.0,0.0,0.0,0.0,0.0
832,87.101153879431,6.374496450088337,27,0.0,79.1,6.848730875564463,60.172247923177295,1.0,0.0,0.0,0.0,0.0,1.0,0.0,0.0,0.0,1.0,0.0
833,49.13196916956386,7.02070110592484,28,1.0,81.9,7.6239312996908755,65.88719372524241,0.0,1.0,0.0,0.0,1.0,0.0,0.0,0.0,0.0,0.0,1.0
834,97.17186173320611,7.890909308333867,23,2.0,86.9,14.497669302960936,79.6843838782924,0.0,1.0,0.0,1.0,0.0,0.0,0.0,0.0,0.0,0.0,1.0
835,46.30047470438312,6.5981743486239255,29,1.0,84.9,10.09409820725652,81.30023446685254,0.0,1.0,0.0,0.0,0.0,1.0,0.0,0.0,0.0,1.0,0.0
836,70.73421576972405,7.824424436604556,18,2.0,62.4,8.252584969826527,56.55339563166287,0.0,1.0,1.0,0.0,0.0,0.0,1.0,0.0,0.0,0.0,0.0
837,72.24778953557873,4.0,20,1.0,64.8,10.97850089150602,52.102080535698775,0.0,1.0,0.0,0.0,0.0,1.0,0.0,0.0,0.0,1.0,0.0
838,85.66613192308894,6.158009358943011,19,0.0,64.4,1.0,76.98547497447949,1.0,0.0,0.0,0.0,0.0,1.0,0.0,0.0,0.0,1.0,0.0
839,100.0,6.100095233610025,28,0.0,76.2,11.496148662285918,39.02674845966547,1.0,0.0,0.0,0.0,0.0,1.0,0.0,0.0,0.0,0.0,1.0
840,75.282270954684,8.807403150830606,26,1.0,70.9,8.503851337714082,55.45026880115867,0.0,1.0,0.0,0.0,1.0,0.0,1.0,0.0,0.0,0.0,0.0
841,82.34757416407884,7.316604647373936,20,1.0,76.4,14.294548019751788,29.20024335747147,0.0,1.0,0.0,0.0,1.0,0.0,0.0,0.0,0.0,0.0,1.0
842,91.27177825933732,7.540257585931239,19,1.0,77.7,5.919250564886703,83.72479852420946,1.0,0.0,0.0,1.0,0.0,0.0,1.0,0.0,0.0,0.0,0.0
843,59.41705027243913,7.02070110592484,21,0.0,80.4,7.482513048040625,55.36919217907453,1.0,0.0,0.0,0.0,0.0,1.0,0.0,0.0,1.0,0.0,0.0
844,84.30239502521748,6.555089894354837,19,1.0,78.0,19.329260453567517,100.0,0.0,1.0,0.0,0.0,1.0,0.0,0.0,0.0,0.0,0.0,1.0
845,64.1126194614252,4.134100602761234,18,1.0,64.5,9.098116575445124,71.4434604202722,1.0,0.0,0.0,0.0,0.0,1.0,1.0,0.0,0.0,0.0,0.0
846,81.52112969756472,5.887918594238297,23,1.0,90.3,15.92223409453023,78.14938920269229,0.0,1.0,0.0,1.0,0.0,0.0,0.0,0.0,1.0,0.0,0.0
847,70.99811819917213,5.52768941343059,27,0.0,78.1,18.637327832398068,84.05716958784929,0.0,1.0,0.0,0.0,0.0,1.0,0.0,0.0,0.0,0.0,1.0
848,84.84545252922823,6.459742414068761,25,0.0,79.2,19.884716128626664,85.87578269271778,0.0,1.0,0.0,0.0,0.0,1.0,0.0,0.0,1.0,0.0,0.0
849,84.54140061059263,7.02070110592484,27,0.0,87.2,12.924919380094622,100.0,1.0,0.0,0.0,1.0,0.0,0.0,1.0,0.0,0.0,0.0,0.0
850,69.52945957511189,6.231909122274473,27,0.0,55.4,4.202424022361788,60.69564408649968,1.0,0.0,0.0,0.0,1.0,0.0,0.0,0.0,0.0,1.0,0.0
851,57.386404740305295,7.339734064911238,19,0.0,64.1,1.0,87.36117729846944,1.0,0.0,0.0,0.0,0.0,1.0,0.0,0.0,0.0,0.0,1.0
852,61.75575563395445,6.706449732548194,26,0.0,67.8,3.896798255763249,75.37639282902607,1.0,0.0,0.0,0.0,1.0,0.0,0.0,0.0,0.0,0.0,1.0
853,76.296114905053,6.941647840909378,20,1.0,63.5,11.760756984894662,32.119786644444936,0.0,1.0,0.0,0.0,1.0,0.0,1.0,0.0,0.0,0.0,0.0
854,76.70957921171672,8.234757416407883,25,1.0,79.8,7.0303023055537786,49.829846219064585,1.0,0.0,0.0,0.0,1.0,0.0,0.0,0.0,0.0,0.0,1.0
855,71.33788744010846,8.131996404209655,29,2.0,65.6,12.292128392923836,61.462917039151904,1.0,0.0,0.0,1.0,0.0,0.0,0.0,0.0,0.0,1.0,0.0
856,33.146440380312555,7.02070110592484,25,0.0,69.8,1.0,77.8955921130272,1.0,0.0,1.0,0.0,0.0,0.0,0.0,0.0,0.0,0.0,1.0
857,53.18409783815203,7.405728218540831,20,1.0,68.5,12.33401631827294,83.94610561562223,1.0,0.0,0.0,1.0,0.0,0.0,0.0,0.0,1.0,0.0,0.0
858,67.06449732548194,7.8069705772245745,20,1.0,71.0,12.306073022852942,47.821740963748816,1.0,0.0,0.0,0.0,1.0,0.0,1.0,0.0,0.0,0.0,0.0
859,94.8121717980732,9.019578466667303,29,0.0,87.5,11.774111488567062,90.97537808502388,1.0,0.0,0.0,1.0,0.0,0.0,0.0,0.0,0.0,0.0,1.0
860,63.37351236834754,9.369952529561688,23,2.0,70.2,11.261554259658284,68.43553163969194,0.0,1.0,0.0,0.0,0.0,1.0,0.0,0.0,0.0,0.0,1.0
861,88.87761533570156,8.272111980322197,18,0.0,68.3,13.13598178800061,100.0,0.0,1.0,0.0,0.0,0.0,1.0,1.0,0.0,0.0,0.0,0.0
862,63.414981872442496,9.31889097717491,21,2.0,72.1,7.553466826720808,88.53708296084807,1.0,0.0,0.0,0.0,0.0,1.0,1.0,0.0,0.0,0.0,0.0
863,54.96915283243942,7.837588346879674,18,2.0,63.9,2.804993424530249,85.47074026684633,1.0,0.0,0.0,1.0,0.0,0.0,0.0,0.0,0.0,0.0,1.0
864,79.9643081249614,6.698772910161382,20,1.0,76.5,4.556387496298592,89.8938889542025,0.0,1.0,0.0,0.0,0.0,1.0,0.0,0.0,0.0,1.0,0.0
865,39.50344372282871,7.099811819917213,26,1.0,63.8,6.108875469725719,86.81898114854098,1.0,0.0,0.0,1.0,0.0,0.0,0.0,0.0,0.0,0.0,1.0
866,60.59205463599817,8.126999054558912,22,1.0,62.9,6.326009483917997,84.11280627475759,1.0,0.0,0.0,1.0,0.0,0.0,1.0,0.0,0.0,0.0,0.0
867,95.91198349719426,9.466552805145756,29,1.0,88.6,6.142751622351809,85.35580549044734,1.0,0.0,0.0,0.0,0.0,1.0,1.0,0.0,0.0,0.0,0.0
868,49.230576125682646,5.847887030243528,22,1.0,56.3,3.47939298100068,99.84121144927002,1.0,0.0,0.0,0.0,1.0,0.0,0.0,0.0,0.0,0.0,1.0
869,76.75120217704934,7.464613797307795,28,0.0,77.7,10.10664642571918,45.34479632083166,1.0,0.0,0.0,0.0,0.0,1.0,0.0,1.0,0.0,0.0,0.0
870,100.0,7.6834604706068195,21,0.0,79.6,15.822218529854908,86.16784462506233,0.0,1.0,0.0,0.0,0.0,1.0,0.0,0.0,0.0,0.0,1.0
871,57.54648763620517,6.431534017695395,20,1.0,63.7,10.370436372306928,63.94926259302051,1.0,0.0,0.0,0.0,0.0,1.0,0.0,1.0,0.0,0.0,0.0
872,52.38420212929475,7.917993690549392,22,1.0,67.7,8.56932532122541,82.36430573439652,1.0,0.0,0.0,0.0,0.0,1.0,0.0,0.0,0.0,0.0,1.0
873,51.69039476728975,6.93034641284421,28,2.0,50.4,1.0,52.48447598539969,1.0,0.0,0.0,0.0,1.0,0.0,1.0,0.0,0.0,0.0,0.0
874,89.12953711903229,8.761579787070525,21,0.0,86.2,20.372223043627887,78.8628633362648,0.0,1.0,0.0,1.0,0.0,0.0,1.0,0.0,0.0,0.0,0.0
875,56.56330271674616,9.526695526786806,25,2.0,75.2,1.0692221936946158,100.0,1.0,0.0,0.0,0.0,1.0,0.0,0.0,0.0,1.0,0.0,0.0
876,64.8776101621166,6.782830591522966,21,0.0,75.9,9.91844941857338,61.20942192019234,0.0,1.0,1.0,0.0,0.0,0.0,0.0,1.0,0.0,0.0,0.0
877,72.70565027366463,8.540870078186,28,1.0,74.2,14.592488539825569,59.23089384025049,0.0,1.0,0.0,0.0,1.0,0.0,0.0,0.0,0.0,0.0,1.0
878,72.1716940847704,5.627982038092141,29,1.0,60.0,8.634554886736293,70.3156161217076,1.0,0.0,0.0,1.0,0.0,0.0,0.0,1.0,0.0,0.0,0.0
879,75.40257585931239,7.02070110592484,25,1.0,82.9,19.63201576481993,81.72355748468382,0.0,1.0,0.0,0.0,0.0,1.0,0.0,0.0,0.0,0.0,1.0
880,61.79949411406034,5.639379633585546,23,0.0,84.7,11.016894830716751,54.284207562910254,1.0,0.0,0.0,0.0,1.0,0.0,0.0,0.0,0.0,1.0,0.0
881,55.81575599885021,7.02070110592484,29,1.0,62.7,9.71757192599924,62.63882270153056,0.0,1.0,0.0,1.0,0.0,0.0,0.0,0.0,0.0,0.0,1.0
882,100.0,7.568465982304605,28,2.0,71.1,10.584704374213684,55.04160682052399,0.0,1.0,0.0,0.0,1.0,0.0,0.0,0.0,1.0,0.0,0.0
883,61.40326912889237,7.02070110592484,22,1.0,66.3,6.694190628551313,31.60611871649185,1.0,0.0,0.0,0.0,1.0,0.0,0.0,0.0,0.0,0.0,1.0
884,42.01221863929746,7.580616524536783,21,1.0,60.1,1.629071120446767,86.40321812753831,1.0,0.0,0.0,0.0,1.0,0.0,1.0,0.0,0.0,0.0,0.0
885,81.07133271106792,7.077190030144943,21,2.0,59.3,15.115016280351178,72.00294728589502,0.0,1.0,1.0,0.0,0.0,0.0,0.0,0.0,0.0,0.0,1.0
886,92.58620508568512,10.0,29,1.0,85.7,12.791961156265582,100.0,0.0,1.0,0.0,0.0,1.0,0.0,0.0,0.0,0.0,0.0,1.0
887,67.90434551677207,5.2607272067085376,21,1.0,60.7,8.983105169283249,58.466045403234034,1.0,0.0,0.0,0.0,1.0,0.0,0.0,1.0,0.0,0.0,0.0
888,76.17301685360965,6.983062962578305,28,0.0,73.0,12.112413862260528,99.2027452826662,0.0,1.0,1.0,0.0,0.0,0.0,0.0,0.0,0.0,0.0,1.0
889,76.13207679055685,8.478415625300904,26,2.0,77.7,15.265531319938155,90.70072099753784,1.0,0.0,0.0,1.0,0.0,0.0,0.0,0.0,0.0,0.0,1.0
890,75.64424115676935,7.429202403632376,21,1.0,65.6,12.34801529591208,100.0,0.0,1.0,0.0,1.0,0.0,0.0,1.0,0.0,0.0,0.0,0.0
891,80.97272945478984,7.02070110592484,29,0.0,66.8,8.86755311696254,48.07228711110263,0.0,1.0,0.0,0.0,0.0,1.0,1.0,0.0,0.0,0.0,0.0
892,46.8110902282509,4.0,26,0.0,76.7,6.293061980794325,74.22197121212506,1.0,0.0,0.0,1.0,0.0,0.0,0.0,0.0,1.0,0.0,0.0
893,84.24320905166854,6.059205463599817,27,2.0,67.0,14.907701955231367,92.6177623917386,1.0,0.0,0.0,0.0,0.0,1.0,0.0,0.0,1.0,0.0,0.0
894,65.07664872976896,4.68110902282509,23,0.0,58.8,9.805492803031262,91.60468315172643,1.0,0.0,0.0,0.0,1.0,0.0,1.0,0.0,0.0,0.0,0.0
895,79.54579780554786,7.182992642454397,27,2.0,66.5,5.777574610496851,77.38935206856932,1.0,0.0,0.0,0.0,0.0,1.0,1.0,0.0,0.0,0.0,0.0
896,78.46400199637789,7.201966869777762,24,0.0,88.6,17.266397870903997,75.47678126364502,0.0,1.0,0.0,0.0,1.0,0.0,1.0,0.0,0.0,0.0,0.0
897,79.63814866532971,7.058352159090622,29,1.0,71.6,19.05728724440207,85.4132298914503,0.0,1.0,0.0,1.0,0.0,0.0,1.0,0.0,0.0,0.0,0.0
898,70.31993927715753,8.400864911891581,27,1.0,69.9,9.402661982857673,62.14913511289372,1.0,0.0,0.0,1.0,0.0,0.0,0.0,0.0,1.0,0.0,0.0
899,69.83062962578305,7.220973470154788,20,1.0,67.3,1.0,65.10058083067128,0.0,1.0,0.0,1.0,0.0,0.0,0.0,0.0,0.0,0.0,1.0
900,74.17452531348692,9.69799386552509,25,2.0,61.8,15.376032540942196,64.41397811382652,0.0,1.0,0.0,0.0,0.0,1.0,0.0,0.0,0.0,0.0,1.0
901,60.50024207133188,7.02070110592484,20,1.0,75.6,9.440551798792074,75.52697982783619,0.0,1.0,0.0,0.0,1.0,0.0,0.0,1.0,0.0,0.0,0.0
902,93.83156437859176,6.08654096843611,18,1.0,85.2,14.42296321190417,70.57312596931668,1.0,0.0,0.0,1.0,0.0,0.0,0.0,0.0,0.0,0.0,1.0
903,75.4427544627029,7.77668541178355,27,0.0,76.7,11.654362858632096,91.6756199825022,1.0,0.0,0.0,0.0,1.0,0.0,0.0,0.0,0.0,1.0,0.0
904,59.657066440144256,5.515454747077178,29,0.0,84.0,17.567944657635266,95.88817589745192,0.0,1.0,0.0,0.0,0.0,1.0,0.0,0.0,0.0,1.0,0.0
905,54.59129921813999,8.360620366414453,22,0.0,72.8,2.011507889542882,77.33881749685474,1.0,0.0,0.0,0.0,1.0,0.0,0.0,0.0,0.0,0.0,1.0
906,79.49975792866812,5.509300228502779,19,1.0,70.1,8.970293965500987,75.0752743000779,1.0,0.0,0.0,1.0,0.0,0.0,0.0,0.0,0.0,0.0,1.0
907,81.12081405761703,6.937881097929035,27,0.0,71.8,14.028460372909509,75.87848049080529,1.0,0.0,0.0,1.0,0.0,0.0,0.0,1.0,0.0,0.0,0.0
908,89.6502503208738,5.253334441043528,23,0.0,72.5,18.474613383341435,50.15878855072997,0.0,1.0,0.0,1.0,0.0,0.0,1.0,0.0,0.0,0.0,0.0
909,59.12540191583028,6.854871205674423,27,1.0,67.6,8.105113392317984,68.64700812977813,1.0,0.0,0.0,0.0,0.0,1.0,0.0,0.0,0.0,0.0,1.0
910,64.91748896998108,7.02070110592484,26,1.0,66.6,1.826265160433428,66.44048205894968,1.0,0.0,0.0,0.0,0.0,1.0,0.0,0.0,1.0,0.0,0.0
911,79.17993690549392,7.02070110592484,18,1.0,69.5,9.968635576657132,85.18404087728402,1.0,0.0,0.0,0.0,1.0,0.0,1.0,0.0,0.0,0.0,0.0
912,83.1579346957354,5.311335698904977,21,0.0,63.5,18.869609307585183,68.17014688282212,0.0,1.0,0.0,0.0,1.0,0.0,0.0,0.0,0.0,0.0,1.0
913,62.9139018892806,7.02070110592484,18,0.0,85.8,17.647790930710684,64.47166264857744,0.0,1.0,0.0,0.0,1.0,0.0,0.0,0.0,0.0,0.0,1.0
914,81.42029011696458,7.3551983348228545,18,2.0,75.8,8.30582965666036,91.53395459676597,1.0,0.0,0.0,0.0,0.0,1.0,0.0,0.0,1.0,0.0,0.0
915,79.40794536400183,8.18782571370615,25,0.0,68.4,7.2810543268205565,100.0,1.0,0.0,0.0,1.0,0.0,0.0,0.0,0.0,0.0,0.0,1.0
916,58.62993650021373,8.332464017256681,28,2.0,74.6,9.30144850559069,77.94631293539717,1.0,0.0,0.0,0.0,0.0,1.0,0.0,0.0,1.0,0.0,0.0
917,61.00095233610025,4.94251416164102,19,2.0,74.8,1.729276067308934,70.1090496921374,1.0,0.0,0.0,0.0,1.0,0.0,1.0,0.0,0.0,0.0,0.0
918,99.14054518719048,6.683395352626063,18,1.0,54.7,7.791170789449181,79.99442812429734,1.0,0.0,0.0,0.0,1.0,0.0,1.0,0.0,0.0,0.0,0.0
919,67.33259531520414,6.809421349868312,28,0.0,73.1,9.930996530841044,98.19030391055284,0.0,1.0,0.0,0.0,1.0,0.0,0.0,0.0,0.0,1.0,0.0
920,60.36185133467029,5.339410972118882,25,2.0,63.3,8.854677718820078,100.0,1.0,0.0,1.0,0.0,0.0,0.0,0.0,0.0,0.0,1.0,0.0
921,64.63756401920014,7.370700450787185,21,1.0,77.6,9.326777100740792,88.66355613810276,1.0,0.0,0.0,1.0,0.0,0.0,0.0,0.0,0.0,0.0,1.0
922,73.05068449215025,9.410132603453864,20,1.0,70.8,4.821051890727564,100.0,1.0,0.0,0.0,1.0,0.0,0.0,0.0,0.0,0.0,0.0,1.0
923,73.12757200588497,7.02070110592484,29,1.0,78.8,16.92314129143912,28.48055083854689,0.0,1.0,1.0,0.0,0.0,0.0,0.0,0.0,1.0,0.0,0.0
924,70.05645572505843,5.026063215822436,21,0.0,72.6,16.57978928059188,63.71466400482949,0.0,1.0,0.0,0.0,0.0,1.0,1.0,0.0,0.0,0.0,0.0
925,44.08801650280573,7.58873805385748,28,0.0,50.2,8.543165787304158,56.244044639393806,1.0,0.0,0.0,1.0,0.0,0.0,0.0,1.0,0.0,0.0,0.0
926,78.24424436604555,8.167337359082284,22,1.0,79.5,14.767465008405823,100.0,0.0,1.0,0.0,0.0,0.0,1.0,0.0,0.0,0.0,1.0,0.0
927,100.0,7.646090948943187,18,1.0,100.0,14.82710153456042,72.81269797676458,1.0,0.0,0.0,0.0,1.0,0.0,0.0,0.0,0.0,0.0,1.0
928,48.092032269801535,6.471772904531601,28,1.0,72.8,11.055348824579786,68.01033987930603,1.0,0.0,0.0,0.0,1.0,0.0,0.0,1.0,0.0,0.0,0.0
929,65.19565486214377,8.460173093639629,18,1.0,52.5,1.0,54.025047745471376,1.0,0.0,0.0,0.0,1.0,0.0,0.0,0.0,0.0,0.0,1.0
930,69.22809969855057,6.153599800362212,20,1.0,80.1,13.624866028056571,79.73597779763806,0.0,1.0,0.0,0.0,1.0,0.0,1.0,0.0,0.0,0.0,0.0
931,38.55219126358558,6.8926427902335705,23,1.0,53.8,2.056145207136078,36.14593975041271,1.0,0.0,0.0,1.0,0.0,0.0,0.0,0.0,1.0,0.0,0.0
932,58.52935489320419,6.998118146447313,18,2.0,61.9,5.483496888555689,50.26695516960187,1.0,0.0,0.0,1.0,0.0,0.0,0.0,0.0,0.0,0.0,1.0
933,80.67971657867088,7.02070110592484,28,0.0,69.5,5.650768309931291,100.0,0.0,1.0,0.0,0.0,1.0,0.0,0.0,0.0,0.0,0.0,1.0
934,72.93550267451806,8.94740664740718,29,1.0,66.3,5.051515823590592,76.17997878612286,1.0,0.0,0.0,0.0,0.0,1.0,0.0,0.0,0.0,0.0,1.0
935,75.04266811351286,6.036185133467028,19,0.0,84.4,14.063270395748486,100.0,1.0,0.0,0.0,0.0,0.0,1.0,0.0,0.0,1.0,0.0,0.0
936,78.20050588593966,7.413541628073935,29,1.0,65.2,4.646277014653947,99.0987086777414,1.0,0.0,1.0,0.0,0.0,0.0,0.0,0.0,0.0,0.0,1.0
937,74.25282888244944,8.182682961981213,24,1.0,63.0,5.15286646313579,48.91757192400272,0.0,1.0,0.0,0.0,0.0,1.0,0.0,1.0,0.0,0.0,0.0
938,66.64126303052326,6.353909051056814,18,2.0,72.0,9.250736821473756,92.25087428830076,1.0,0.0,0.0,0.0,0.0,1.0,0.0,0.0,0.0,0.0,1.0
939,71.75411312264106,6.003569187503859,24,0.0,91.1,8.319110628829044,96.95689567416996,1.0,0.0,0.0,0.0,0.0,1.0,0.0,0.0,0.0,1.0,0.0
940,75.72511980648343,9.21290404217029,21,2.0,69.5,13.51157707152296,100.0,0.0,1.0,0.0,0.0,0.0,1.0,0.0,0.0,0.0,0.0,1.0
941,63.580361544212266,7.02070110592484,27,0.0,88.1,13.87416422409038,67.90355404573175,1.0,0.0,0.0,0.0,1.0,0.0,0.0,0.0,1.0,0.0,0.0
942,74.9630885758963,6.1973757773705165,23,1.0,90.3,12.880374438243468,87.54392715200244,0.0,1.0,0.0,0.0,0.0,1.0,0.0,0.0,0.0,0.0,1.0
943,67.59984383073332,4.0,25,0.0,73.3,11.391508437828977,90.63251890680954,0.0,1.0,0.0,0.0,0.0,1.0,0.0,0.0,0.0,0.0,1.0
944,62.361969342036986,5.951337868325159,26,2.0,61.5,5.759626732259344,60.63076007492975,1.0,0.0,0.0,1.0,0.0,0.0,0.0,0.0,0.0,1.0,0.0
945,90.86803083043613,7.899904766389975,23,1.0,86.7,21.62986229036328,100.0,0.0,1.0,0.0,0.0,0.0,1.0,0.0,0.0,0.0,1.0,0.0
946,79.08932705516115,7.738205234212572,29,1.0,78.7,17.81360743611168,72.61064793143069,0.0,1.0,0.0,0.0,1.0,0.0,1.0,0.0,0.0,0.0,0.0
947,72.97387704969847,7.72548695016815,28,2.0,52.2,4.6015503572112575,61.27300210343289,1.0,0.0,0.0,0.0,1.0,0.0,0.0,1.0,0.0,0.0,0.0
948,63.82698314639034,7.02070110592484,26,0.0,66.3,12.057672284536553,70.932420677133,1.0,0.0,0.0,0.0,1.0,0.0,1.0,0.0,0.0,0.0,0.0
949,81.57174513294457,7.164047651742656,21,0.0,84.8,11.894886607682016,56.39927640552574,0.0,1.0,0.0,1.0,0.0,0.0,0.0,0.0,0.0,1.0,0.0
950,60.31553876086027,7.013173140741391,23,2.0,59.1,4.347412851072727,57.233813103244245,1.0,0.0,0.0,0.0,0.0,1.0,0.0,0.0,0.0,0.0,1.0
951,73.78466277897485,8.7101153879431,25,1.0,66.0,5.407511460174463,94.38853414745684,1.0,0.0,0.0,0.0,0.0,1.0,1.0,0.0,0.0,0.0,0.0
952,80.3907234539351,6.27451304983185,26,0.0,70.6,13.044863438546296,98.38801329035384,0.0,1.0,0.0,0.0,0.0,1.0,1.0,0.0,0.0,0.0,0.0
953,56.95230492979388,7.02070110592484,20,1.0,71.3,11.88141371892312,76.43142946355239,1.0,0.0,0.0,0.0,0.0,1.0,0.0,1.0,0.0,0.0,0.0
954,64.59742414068761,7.02070110592484,19,1.0,75.7,3.707461554766146,85.29846633517383,1.0,0.0,0.0,0.0,0.0,1.0,0.0,0.0,0.0,1.0,0.0
955,66.71840397082623,6.403123120949108,23,0.0,72.3,1.0,77.18730202323542,1.0,0.0,0.0,0.0,0.0,1.0,0.0,0.0,0.0,0.0,1.0
956,80.92360532951108,6.866211255989154,21,0.0,65.4,15.15754380108822,42.11262926472324,0.0,1.0,0.0,0.0,1.0,0.0,0.0,0.0,0.0,0.0,1.0
957,94.37911596894564,6.25328638677125,18,0.0,72.5,8.931819405844186,56.47647351394775,0.0,1.0,1.0,0.0,0.0,0.0,1.0,0.0,0.0,0.0,0.0
958,69.90590672997139,7.600952875710745,25,1.0,77.4,11.222737576965647,77.49046732166136,0.0,1.0,0.0,0.0,1.0,0.0,0.0,0.0,1.0,0.0,0.0
959,100.0,7.278219450947915,26,2.0,76.5,16.40490698756639,48.79966623883506,0.0,1.0,0.0,1.0,0.0,0.0,0.0,0.0,0.0,0.0,1.0
960,69.86826859258609,7.02070110592484,26,2.0,68.9,8.712525791334254,44.24617500255896,1.0,0.0,0.0,1.0,0.0,0.0,0.0,0.0,0.0,0.0,1.0
961,73.24305820847343,8.424320905166855,19,1.0,83.7,15.74870878521796,100.0,0.0,1.0,0.0,0.0,1.0,0.0,0.0,0.0,0.0,1.0,0.0
962,68.28377661054998,9.258620508568512,26,0.0,73.8,3.449916559708765,78.91400356602408,1.0,0.0,0.0,0.0,1.0,0.0,0.0,0.0,0.0,0.0,1.0
963,67.44722913831447,7.02070110592484,24,2.0,78.0,13.95941904568716,61.39974843262398,0.0,1.0,1.0,0.0,0.0,0.0,0.0,0.0,1.0,0.0,0.0
964,71.18680450237643,7.476474390266641,22,1.0,73.7,11.908373268827813,62.94113812303519,1.0,0.0,0.0,0.0,0.0,1.0,0.0,0.0,1.0,0.0,0.0
965,56.73111036428749,6.467766553429882,24,0.0,82.8,7.439697074248244,87.42197856068196,1.0,0.0,0.0,1.0,0.0,0.0,1.0,0.0,0.0,0.0,0.0
966,49.03245206543344,8.218981118724546,26,2.0,69.3,2.1001582347943737,78.2510479190525,1.0,0.0,0.0,0.0,0.0,1.0,0.0,0.0,0.0,1.0,0.0
967,52.97073686222572,7.798284596378957,25,1.0,81.8,11.867954476826736,67.36650692468875,0.0,1.0,0.0,0.0,1.0,0.0,0.0,0.0,1.0,0.0,0.0
968,83.4930079088828,6.877543664770943,23,1.0,79.0,13.69044423702264,95.46006512140472,1.0,0.0,0.0,0.0,1.0,0.0,1.0,0.0,0.0,0.0,0.0
969,67.67605712093834,9.992456456241692,21,1.0,53.3,7.222689148615096,64.12421730728222,1.0,0.0,0.0,0.0,1.0,0.0,1.0,0.0,0.0,0.0,0.0
970,100.0,4.1794713318942645,18,0.0,97.0,21.62986229036328,100.0,0.0,1.0,0.0,0.0,0.0,1.0,0.0,0.0,1.0,0.0,0.0
971,42.63166096294377,4.655917769166496,23,0.0,58.9,1.0,62.02551157795854,1.0,0.0,0.0,0.0,1.0,0.0,1.0,0.0,0.0,0.0,0.0
972,86.3990840498179,8.58622752157427,20,1.0,73.2,9.880804684088742,64.87304685277843,1.0,0.0,0.0,0.0,0.0,1.0,0.0,0.0,0.0,1.0,0.0
973,86.53660550522748,7.270565027366462,23,0.0,86.2,15.652587148927273,91.81812701292628,0.0,1.0,0.0,0.0,1.0,0.0,0.0,0.0,0.0,0.0,1.0
974,30.224020228789197,4.339117207724444,23,1.0,50.8,1.0,28.48055083854689,1.0,0.0,1.0,0.0,0.0,0.0,0.0,0.0,0.0,0.0,1.0
975,88.5497836227986,9.158501972640927,21,1.0,77.2,12.73350196197988,94.87599695329628,1.0,0.0,0.0,0.0,0.0,1.0,0.0,0.0,0.0,0.0,1.0
976,55.69760497478252,5.008027593817192,19,1.0,60.7,10.800052056422226,50.37440314440588,1.0,0.0,0.0,0.0,0.0,1.0,0.0,0.0,0.0,0.0,1.0
977,74.92335127023105,7.02070110592484,26,1.0,82.1,9.730136764737937,100.0,0.0,1.0,0.0,0.0,0.0,1.0,0.0,0.0,0.0,0.0,1.0
978,76.96010683842027,9.235502716495477,19,1.0,77.3,11.196900813358765,75.97895435963207,0.0,1.0,0.0,1.0,0.0,0.0,0.0,0.0,0.0,1.0,0.0
979,62.31909122274473,7.02070110592484,20,2.0,65.9,13.014715469241205,64.5867701085497,1.0,0.0,0.0,0.0,1.0,0.0,0.0,0.0,1.0,0.0,0.0
980,77.72384975138101,8.904496577770995,27,1.0,66.4,13.090294324617362,63.89075659446039,0.0,1.0,0.0,0.0,0.0,1.0,0.0,0.0,1.0,0.0,0.0
981,53.394109721188826,7.641963845578774,18,0.0,69.0,7.178666001207372,49.03457803457095,1.0,0.0,0.0,0.0,0.0,1.0,1.0,0.0,0.0,0.0,0.0
982,74.64613797307796,7.02070110592484,24,0.0,78.8,9.352088431639316,89.56480710601477,1.0,0.0,0.0,0.0,0.0,1.0,0.0,0.0,1.0,0.0,0.0
983,57.91461888127148,7.02070110592484,18,1.0,72.4,15.031052583226703,70.26402220236194,0.0,1.0,0.0,0.0,1.0,0.0,1.0,0.0,0.0,0.0,0.0
984,35.650182518103605,5.770516453942299,28,0.0,53.7,5.954159128202209,71.49443142813959,1.0,0.0,0.0,1.0,0.0,0.0,0.0,0.0,0.0,1.0,0.0
985,87.54100996776539,7.700204895481882,26,0.0,63.4,8.582390372516855,79.32407761129791,1.0,0.0,0.0,0.0,1.0,0.0,0.0,0.0,0.0,0.0,1.0
986,43.746675743149225,9.246994898208008,28,0.0,69.5,2.352209069289315,98.28887411941965,1.0,0.0,0.0,0.0,1.0,0.0,0.0,0.0,0.0,1.0,0.0
987,51.769419290503365,6.390881764373962,28,1.0,80.9,4.863766406046662,91.11384149163804,0.0,1.0,0.0,0.0,1.0,0.0,0.0,0.0,1.0,0.0,0.0
988,73.70700450787184,7.001881853552687,18,2.0,56.2,9.238047052462662,68.38254856547161,1.0,0.0,0.0,0.0,0.0,1.0,0.0,0.0,0.0,0.0,1.0
989,61.18054222749717,8.024766710357707,22,0.0,76.3,8.023982383628399,43.04603155817153,0.0,1.0,0.0,1.0,0.0,0.0,1.0,0.0,0.0,0.0,0.0
990,60.865409684361104,4.9616305722811616,24,1.0,72.8,10.99129234989949,85.99232582139408,0.0,1.0,0.0,0.0,0.0,1.0,1.0,0.0,0.0,0.0,0.0
991,87.91942661014878,7.378466277897485,20,1.0,79.6,13.942276539937378,100.0,0.0,1.0,0.0,0.0,0.0,1.0,0.0,0.0,0.0,0.0,1.0
992,68.43522854462252,8.674553335436142,26,0.0,72.7,9.94354320859435,79.47831595930232,0.0,1.0,0.0,1.0,0.0,0.0,1.0,0.0,0.0,0.0,0.0
993,78.37588346879674,8.015281222063606,25,2.0,59.3,10.383017723753232,98.79044431490728,1.0,0.0,0.0,0.0,1.0,0.0,0.0,0.0,0.0,0.0,1.0
994,69.64241405226623,6.798033130222238,20,1.0,70.2,1.0,31.06212295614553,1.0,0.0,1.0,0.0,0.0,0.0,0.0,0.0,0.0,0.0,1.0
995,79.4538073733066,5.581575599885022,22,1.0,78.9,12.821333998792628,87.05886187696481,0.0,1.0,0.0,0.0,1.0,0.0,0.0,0.0,0.0,1.0,0.0
996,87.24612635565387,6.063782886692552,24,1.0,73.6,15.200447749003992,90.16008466638168,0.0,1.0,0.0,1.0,0.0,0.0,1.0,0.0,0.0,0.0,0.0
997,53.32446883692034,6.562949736191248,29,0.0,65.0,8.15892356640087,61.52595089173326,1.0,0.0,0.0,0.0,1.0,0.0,0.0,0.0,0.0,1.0,0.0
998,88.30960523271024,6.691088189650296,21,1.0,73.8,18.58207573816238,96.32607803630664,0.0,1.0,0.0,0.0,1.0,0.0,0.0,0.0,1.0,0.0,0.0
999,64.2343785133844,5.200350992097281,22,0.0,61.3,4.968947416773296,100.0,1.0,0.0,0.0,0.0,1.0,0.0,0.0,0.0,0.0,0.0,1.0
